,namespace,Porcentagem de administrantes que visualizaram relat√≥rios de AA
0,abb,0.0
1,abdiasmartins,0.0
2,abgarrenault,0.0
3,abiliomartins,0.0
4,abm,0.0
5,academia,0.0
6,academiaboaviagem,0.0
7,academiacrista,0.0
8,academiadasespecificas,0.0
9,academicgeek,0.0
10,acesso,0.0
11,acessoalmirantetamandare,0.13793103448275862
12,acessoapogeu,0.0
13,acessoboqueirao,0.14705882352941177
14,acessocampolardo,0.0
15,acessocampolargo,0.1
16,acessocampolargokids,0.05555555555555555
17,acessoemilianoperneta,0.0
18,acessofazendariogrande,0.1
19,acessohauer,0.08695652173913043
20,acessopinhais,0.13333333333333333
21,acessoportao,0.09090909090909091
22,acessosantafelicidade,0.23529411764705882
23,acessosjpinhais,0.21052631578947367
24,acqio,0.0
25,adeajuda,0.0
26,adilsonfranco,0.0
27,adrianochan,0.8461538461538461
28,adventistacaxias,0.0
29,adventus,0.0
30,aeai,0.0
31,aees,0.0
32,aescobjetivo,0.631578947368421
33,agape,0.0
34,agathos,0.0
35,agoramath,0.0
36,agostiniano,0.0
37,aguiasdosaber,0.0
38,ahuscao,0.0
39,akmaestra,0.0
40,albertocabral,0.0
41,albertsabin,0.0
42,alfacembilingue,0.0
43,alferomendes,0.0
44,alfeurosa,0.0
45,almirantebarroso,0.0
46,alpha,0.0
47,alphaacompanhamento,0.0
48,alpheurosa,0.0
49,alternativocursoecolegio,0.0
50,alura,0.0
51,amadeus,0.2631578947368421
52,amais,0.03
53,amaismaker,0.0
54,amaisteste,0.0
55,americanobatistadapraiadacosta,0.0
56,analise,0.0
57,anchieta,0.0
58,anchietaba,0.0
59,anglocassianoricardo,0.0
60,anglojacarei,0.0
61,anima,0.0
62,animalnaopercebe,0.0
63,anossaatmosfera,0.0
64,antaresbarbosadefreitas,0.0
65,antaresfatima,0.0
66,antaresirmamaria,0.0
67,antaresjardins,0.0
68,antarespapicu,0.0
69,antarespraiadeiracema,0.0
70,antaressantosdumont,0.0
71,antaresseisbocas,0.0
72,antoniairene,0.0
73,antoniocesar,0.0
74,antoniolima,0.0
75,antoniomelo,0.0
76,antonioportela,0.0
77,antoniovieira,0.0
78,anyway,0.0
79,aocubo,0.0
80,aocubovestibular,0.0
81,aog,0.0
82,apogeu,0.0
83,apogeuarcoiris,0.0
84,apogeubenfica,0.0
85,apogeucemap,0.0
86,apogeudivinopolis,0.0
87,apogeumbcursos,0.0
88,apogeunovohorizonte,0.0
89,apogeuparademinas,0.0
90,apogeupiaget,0.0
91,apogeupousoalegre,0.0
92,apogeustoantonio1,0.0
93,apogeustoantonio2,0.34615384615384615
94,apogeuuba,0.0
95,apotec,0.0
96,aprendaquimica,0.0
97,aprendemesmo,0.0
98,aprovest,0.5
99,arbos,0.0
100,arbosscs,0.0
101,arcadenoe,0.0
102,arco,0.0
103,arena,0.0
104,aridesa,0.0
105,arlindocavalcanti,0.0
106,arp,0.0
107,arquidiocesano,0.0
108,arturferreira,0.0
109,arturtavares,0.0
110,asario,0.0
111,asdfghfdsa,0.0
112,asjiu,0.0
113,assisbrasil,0.0
114,ateneulondrina,0.0
115,ativaaprendizagem,0.0
116,atmo,0.0
117,atuall,0.0
118,augustolaranja,0.0
119,aurora,0.0
120,autores,0.0
121,auxiliadorarj,0.0
122,avaliacaoapogeu,0.0
123,babycamp,0.0
124,babyhouse,0.0
125,bahema,0.0
126,bancodequestoes,0.0
127,bancodequestoesgratuito,0.0
128,baraodemaua,0.0
129,barquinhodepapeldf,0.0
130,barraazul,0.0
131,barradevbarranull,0.0
132,batistaagnusdei,0.0
133,batistaburitis,0.0
134,batistadaprimeira,0.0
135,batistaibicui,0.0
136,batistaindependente,0.0
137,batistamaranata,0.0
138,batistanovasiao,0.0
139,batistaregular,0.0
140,batistariopretense,0.0
141,batistasantosdumont,0.0
142,batistasaovicente,0.0
143,batistashalon,0.0
144,batistavistaalegre,0.0
145,beityaacov,0.6666666666666666
146,benjaminconstant,0.0
147,benjamitacardona,0.0
148,berlaar,0.0
149,bernardosayao,0.0
150,bertelsmann,0.0
151,betesda,0.0
152,betuel,0.0
153,bilac,0.0
154,biologiabarauna,0.0
155,biologiaprofluis,0.0
156,blueschooleducacional,0.0
157,blumenaucoc,0.0
158,boaviagem,0.0
159,bondienglish,0.0
160,bonfim,0.0
161,borapassar,0.0
162,borgesamorim,0.0
163,bosquemananciais,0.0
164,bozano,0.0
165,bragaenglish,0.0
166,brasilcursinhos,0.17647058823529413
167,brasilsoft,0.0
168,buddys,0.0
169,bumerangeprofissoes,0.0
170,buser,0.0
171,c7s,0.0
172,cacbab,0.0
173,cadern,0.0
174,calculo2,0.0
175,cam,0.0
176,camerinocursos,1.0
177,camp,0.0
178,campeia,0.0
179,campossalles,0.0
180,canalrevisao,0.0
181,capacitacaoinspira,0.0
182,capellakids,0.0
183,cappta,0.0
184,cardealarcoverde,0.0
185,carlospicaza,0.0
186,carpediem,0.0
187,cascavelense,0.0
188,casdinhosjc,0.25
189,casdvest,0.17142857142857143
190,castelinhodosaber,0.0
191,castelodeeducacao,0.0
192,castroalves,0.0
193,catamaravita,0.0
194,catarinense,0.0
195,catolica,0.0
196,cats,1.0
197,caur,0.0
198,cav,0.0
199,cbas,0.0
200,cbatistanovasiao,0.0
201,cbbrasileiro,0.0
202,cbic,0.0
203,cbpalmas,0.0
204,cbpdigital,0.8333333333333334
205,ccdivitoriaregia,0.0
206,cce,0.0
207,cci,0.0
208,ccncertificadora,0.0
209,ccpa,0.0
210,ccserrinha,0.0
211,cct,0.0
212,cdf,0.0
213,cdi,0.0
214,ceabb,0.5
215,ceac,0.0
216,cealegriadesaber,0.0
217,ceantenorreis,0.0
218,ceantoniocarlosmagalhaes,0.0
219,cearacruz,0.0
220,ceasf,0.0
221,cebeijaflor,0.0
222,cebnossasenhoraaparecida,0.0
223,cebnsa,0.0
224,cecb,0.5
225,cecbdf,1.0
226,ceccataguases,0.0
227,cecenecista,0.0
228,cecgama,0.0
229,cecharlesdarwin,0.0
230,cedac,0.0
231,cedecisivo,0.0
232,ceescolita,0.0
233,ceespacolivre,0.5
234,cefa,0.0
235,cegetsemani,0.0
236,cei,0.0
237,ceitaipaiva,0.0
238,ceivanilsoncosta,0.0
239,cejosueroberto,0.0
240,cekerigma,0.0
241,celauracabral,0.0
242,celp,0.0
243,cem,0.7142857142857143
244,cema,0.0
245,cemanoelgoncalves,0.0
246,cemardf,0.0
247,cemaristasaojose,0.0
248,cemj,0.0
249,cemluciamayvore,0.0
250,cemonza,0.0
251,cempacanguaretamarn,0.0
252,cenaza,0.0
253,cenecistaml,0.0
254,cenic,0.0
255,cenpec,0.0
256,censic,0.0
257,centec,0.0
258,centreensinoetreinamento,0.0
259,centroarcadenoe,0.0
260,centrodeensinomoderno,0.0
261,centrodeensinosementinhadofuturo,0.0
262,centrodeensinoserrano,0.0
263,centroeaviv,0.0
264,centroedcordeiro,0.0
265,centroeditalva,0.0
266,centroeducacionalaprendiz,0.0
267,centroeducacionalaviv,0.0
268,centroeducacionalbrasileirinho,0.0
269,centroeducacionalimpar,0.0
270,centroeducacionalinovacao,0.0
271,centroeducacionalkolping,0.0
272,centroeducacionalmeta,0.0
273,centroeducacionalsonhodedeus,0.0
274,centroedupincelmagico,0.0
275,centroescolaranamelia,0.0
276,centrosuperiordetecnologia,0.0
277,cep,0.0
278,cepaulista,0.0
279,cepaulofreire,0.0
280,cepe,0.0
281,cepep,0.0
282,ceportoseguro,0.0
283,cepotencial,0.0
284,cepquinzedenovembro,0.0
285,ceprabotucatu,0.0
286,cepresbiterianodebayeux,0.0
287,ceprimeiromundo,0.3125
288,ceprojetar,0.0
289,cepvilhena,0.0
290,cerecantointerativo,0.0
291,ceribeirogil,0.0
292,cermac,0.0
293,certus,0.0
294,cesaber,0.0
295,cesc,0.0
296,cesemeando,0.0
297,cesilvamachado,0.0
298,cesilvapaiva,0.0
299,cesimoesfilho,0.0
300,ceteb,0.0
301,cetutores,0.0
302,cevangelicoagj,0.0
303,cevip,0.0
304,cfc,0.0
305,cfimaculadaconceicao,0.0
306,cfsantoantonio,0.0
307,chacaravivaavida,0.0
308,challenge,0.0
309,chamberlain,0.0
310,charlesdarwin,0.0
311,chcardoso,0.0
312,chegadeficartestando,0.0
313,christianschool,0.0
314,ciadosaber,0.3333333333333333
315,cicerofranklin,0.0
316,cidadaniaevida,0.0
317,cieb,0.0
318,ckadima,0.0
319,classea,0.0
320,clubedopimpolho,0.0
321,cmariaimaculada,0.0
322,cmc,0.0
323,cmdpii,0.0
324,cmodelo,0.0
325,cmpalmas,0.0
326,cmsaipiau,0.0
327,cnecnovamutum,0.0
328,cnecporangatu,0.0
329,cnn,0.0
330,cnsasjc,0.0
331,cnscarmo,0.0
332,cnsco,0.0
333,cnsd,0.0
334,cnsl,0.0
335,cnslpb,0.3333333333333333
336,cnsr,0.0
337,coc,0.0
338,cocaraucaria,0.0
339,cocunidsul,0.0
340,coelgiocardeal,0.0
341,cognita,0.0
342,cognitivo,0.3333333333333333
343,colband,0.0
344,colbrasileiro,0.0
345,colegio1mundo,0.0
346,colegioabgar,0.0
347,colegioabre,0.0
348,colegioadventista,0.0
349,colegioadventus,0.0
350,colegioages,0.0
351,colegioaguiabelojardim,0.0
352,colegioalberteinstein,0.0
353,colegioalberteinsten,0.0
354,colegioalbertsabin,0.0
355,colegioalexandra,0.0
356,colegioalphaunis,0.5
357,colegioalternativo,0.0
358,colegioalub,0.0
359,colegioalvaromelo,0.0
360,colegioamericana,0.0
361,colegioamparosurubim,0.0
362,colegioanaliafranco,0.0
363,colegioanchietai,0.25
364,colegioanchietaii,0.0
365,colegioanglomorumbi,0.0
366,colegioanisio,0.0
367,colegioantoninaramos,0.0
368,colegioapogeu,0.0
369,colegioapoiomg,0.0
370,colegioaprendiz,0.0
371,colegioarca,0.0
372,colegioarena,0.8125
373,colegioarturferreira,0.0
374,colegioasas,0.0
375,colegioassembleiadedeus,0.0
376,colegioathena,0.0
377,colegioatheneu,0.0
378,colegioatibaia,0.0
379,colegioatitude,0.0
380,colegioauxiliadora,0.0
381,colegioavanco,0.0
382,colegiobal,0.0
383,colegiobaraodemaua,0.0
384,colegiobatistadeipiau,0.0
385,colegiobatistadepalmas,0.0
386,colegiobatistadesantarem,0.0
387,colegiobatistaindependente,0.6666666666666666
388,colegiobatistamineiro,0.0
389,colegiobatistavr,0.0
390,colegiobetelbrasileirosp,0.6
391,colegiobiangulo,0.0
392,colegiobianguloiv,0.3333333333333333
393,colegiobilac,0.6
394,colegioboasnovas,0.0
395,colegiobrasilia,0.5714285714285714
396,colegiocaetano,0.0
397,colegiocanarinho,0.0
398,colegiocarbonell,0.0
399,colegiocastelo,0.0
400,colegiocastelodosaber,0.0
401,colegiocastelosp,0.0
402,colegiocatamara,0.0
403,colegiocb,0.5
404,colegiocebrapi,0.0
405,colegioceman,0.0
406,colegiocenecistamarica,0.0
407,colegiocepe,0.0
408,colegiockids,0.0
409,colegioclarassoti,0.0
410,colegiocoesi,0.0
411,colegiocognos,0.030303030303030304
412,colegioconexao,0.0
413,colegioconexaosaber,0.0
414,colegiocpm,0.0
415,colegiocrescer,0.0
416,colegiocriancaecia,0.0
417,colegiocriativo,0.0
418,colegiocristaoaquas,0.0
419,colegiocristaomoc,0.0
420,colegiocristaopr,0.0
421,colegiodante,0.0
422,colegiodantealighieri,0.0
423,colegiodarwin,0.0
424,colegiodasagradafamilia,0.0
425,colegiodasamericas,0.2777777777777778
426,colegiodelrey,0.0
427,colegiodelta,0.0
428,colegiodeltaserrinha,0.0
429,colegiodeovolente,0.0
430,colegiodiaspora,0.0
431,colegiodigital,0.0
432,colegiodimensao,0.0
433,colegiodivinosalvador,0.0
434,colegiodoctum,0.0
435,colegiodombosco,0.0
436,colegiodompedrosegundo,1.0
437,colegiodosalvador,0.0
438,colegiodosjesuitas,0.0
439,colegioeag,0.42857142857142855
440,colegioeccos,0.0
441,colegioecursodesafio,0.4444444444444444
442,colegioecursomagma,0.0
443,colegioecursomeninojesus,0.0
444,colegioecursoprogressao,0.35714285714285715
445,colegioedsonmonteiro,0.0
446,colegioeduardomarques,0.0
447,colegioeducallis,0.6296296296296297
448,colegioeducare,0.0
449,colegioelo,0.0
450,colegioelshadai,0.0
451,colegioelshadday,0.0
452,colegioenergiaativa,0.0
453,colegioensitec,0.6
454,colegioequipe,0.0
455,colegioequipeba,0.0
456,colegioesmeraldas,0.0
457,colegioestrutural,0.0
458,colegioeverest,0.0
459,colegioevolucaoce,0.0
460,colegioevoluir,0.0
461,colegioexatus,0.0
462,colegioexponencial,0.0
463,colegioexpressao,0.0
464,colegiofarroupilha,0.3333333333333333
465,colegiofato,0.0
466,colegiofenix,0.0
467,colegioflamingo,0.5714285714285714
468,colegiofranciscanoreginapacis,0.0
469,colegiofredericoozanam,0.0
470,colegiofriburgo,0.0
471,colegiofuturageracao,0.25
472,colegiofuturomg,0.0
473,colegiofuturope,0.0
474,colegiogalileu,0.0
475,colegiogamaliel,0.0
476,colegiogarra,0.0
477,colegiogetsemani,0.0
478,colegiogibran,0.0
479,colegioglobal,0.625
480,colegiogracilianoramos,0.0
481,colegiograciosa,0.0
482,colegiogradual,0.0
483,colegioguilhermedealmeida,0.2857142857142857
484,colegiohbc,0.0
485,colegiohelioalonso,0.0
486,colegiohelyos,0.0
487,colegioideal,0.0
488,colegioidealbrasilia,0.0
489,colegioiguatemy,0.6666666666666666
490,colegioimperial,0.0
491,colegioinaci,0.0
492,colegioincomar,0.0
493,colegiointegracaoonline,0.0
494,colegiointegral,0.5192307692307693
495,colegiointegralsolar,0.0
496,colegiointensivo,0.0
497,colegioipe,0.0
498,colegioirmamariele,0.0
499,colegioitalo,0.0
500,colegioitamarati,0.0
501,colegiojk,0.0
502,colegiojoaopaulo,0.3
503,colegiojoliveira,0.0
504,colegiojosealencar,0.0
505,colegiolamarck,0.0
506,colegiolasalleaguasclaras,0.0
507,colegiolebiste,0.0
508,colegiolegado,0.0
509,colegiolemeitapeva,0.0
510,colegioliceu,0.3333333333333333
511,colegioliceujardim,0.0
512,colegiolider,0.0
513,colegioliliental,0.0
514,colegiolimanogueira,0.0
515,colegiolobato,0.0
516,colegiolouveira,0.0
517,colegioloyola,0.0
518,colegioluizacora,0.0
519,colegiolumiar,0.0
520,colegiomadrededeus,0.0
521,colegiomagno,0.0
522,colegiomagnum,0.125
523,colegiomarcioseno,0.0
524,colegiomarcondes,0.0
525,colegiomargirus,0.0
526,colegiomariahelena,0.0
527,colegiomarilia,0.0
528,colegiomaristaparanaense,0.0
529,colegiomarthafalcao,0.0
530,colegiomartinus,0.0
531,colegiomaster,0.0
532,colegiomasternatal,0.0
533,colegiomastersp,0.0
534,colegiomauriciosalles,0.0
535,colegiomenezesesousa,0.0
536,colegiomeninojesus,0.0
537,colegiometropolitan,0.0
538,colegiomilitardompedroii,0.0
539,colegiomodelo,0.0
540,colegiomodulo,0.0
541,colegiomonjolo,0.0
542,colegiomontesclaros,0.0
543,colegiomontessori,0.0
544,colegiomotiva,0.0
545,colegiomundial,0.2222222222222222
546,colegiomundoideal,0.0
547,colegionatureza,0.0
548,colegionazareth,0.0
549,colegionobre,0.5
550,colegionossasenhoradelourdes,0.0
551,colegionotadez,0.0
552,colegionovageracao,0.6
553,colegionovopatio,0.3333333333333333
554,colegioobjetivosorocaba,0.0
555,colegioocteto,0.0
556,colegioodysseus,0.0
557,colegioomega,0.0
558,colegiootacilio,0.0
559,colegiopadreeustaquio,0.0
560,colegiopalmares,0.0
561,colegiopassionista,0.0
562,colegiopel,0.0
563,colegiopetropolis,0.0
564,colegiopitagoraspe,0.0
565,colegioplanck,0.75
566,colegioplus,0.0
567,colegioportadosol,0.0
568,colegiopremium,0.6666666666666666
569,colegiopremiumgentil,0.3333333333333333
570,colegiopresbiterianobras,0.0
571,colegiopresbiterianosimonton,0.0
572,colegioprevejau,0.0
573,colegioprimeiromundo,0.0
574,colegioprogresso,0.0
575,colegiopurificacao,0.0
576,colegiopurissimo,0.0
577,colegioquadrangular,0.0
578,colegioradar,0.0
579,colegiorainhadobrasil,0.0
580,colegioraiodesol,0.0
581,colegiorgf,0.0
582,colegioriobranco,1.0
583,colegiorodriguesdias,0.0
584,colegiosaberviver,0.0
585,colegiosagradafamilia,0.0
586,colegiosagradocoracaobvp,0.0
587,colegiosalesianorn,0.0
588,colegiosaloni,0.0
589,colegiosantaangela,0.0
590,colegiosantacatarina,0.0
591,colegiosantacecilia,0.0
592,colegiosantaclara,0.0
593,colegiosantadoroteia,0.0
594,colegiosantaesmeralda,0.0
595,colegiosantamarcelina,0.0
596,colegiosantamaria,0.0
597,colegiosantamariaminas,0.0
598,colegiosantamonicalimoeiro,0.0
599,colegiosantanapr,0.0
600,colegiosantateresinha,0.0
601,colegiosantoandre,0.0
602,colegiosantotomasdeaquino,0.0
603,colegiosaocarlos,0.0
604,colegiosaojose,0.0
605,colegiosaojudas,0.0
606,colegiosaolucas,0.0
607,colegiosaoluis,0.0
608,colegiosaomateus,0.0
609,colegiosaomiguel,0.0
610,colegiosaosalvador,0.0
611,colegioseal,0.0
612,colegiosenes,0.0
613,colegiosepp,0.0
614,colegioser,0.75
615,colegioserecrescer,0.0
616,colegiosete,0.22727272727272727
617,colegioshalom,0.0
618,colegiosiglan,0.0
619,colegiosincrona,0.0
620,colegiosp,0.0
621,colegiosupremodaamazonia,0.0
622,colegiosussurana,0.0
623,colegiosuzart,0.0
624,colegiotelescastelao,0.0
625,colegiotelesmourabrasil,0.0
626,colegioteleyos,0.0
627,colegiotravessia,0.0
628,colegiouirapuru,0.4
629,colegiouneouro,0.0
630,colegiounidadejardim,0.0
631,colegiounirs,0.0
632,colegiouniversitario,0.0
633,colegiouniverso,0.17647058823529413
634,colegioup,0.625
635,colegiovalparaiso,0.0
636,colegioveiga,0.0
637,colegiovitoria,0.0
638,colegiovitoriaregia,0.0
639,colegiovivopiracicaba,0.0
640,colegiozenite,0.0
641,colegiozerohum,0.0
642,coleguium,0.0
643,coloniadosaber,0.0
644,colprogressao,0.0
645,colsaberviver,0.0
646,colsantacatarina,0.0
647,colsantamaria,0.0
648,colsaojose,0.0
649,comenius,0.0
650,comeniusuberaba,0.0
651,concordia,0.0
652,conexao,0.0
653,conexaosaber,0.5
654,confessionalmonza,0.0
655,conhecereducacional,0.0
656,conib,0.0
657,conosco,0.0
658,conosquinho,0.0
659,conradochaves,0.0
660,consepe,0.0
661,contec,0.0
662,contemporaneo,0.0
663,contemporaneocidadeverde,0.25
664,contemporaneolagoanova,0.23076923076923078
665,conteudos,0.0
666,conteudos6,0.0
667,cooedita,0.0
668,cooeduc,0.0
669,coopeccaetite,0.0
670,coopenriopreto,0.0
671,coopermundi,0.0
672,cotemig,0.0
673,cparaiso,0.0
674,cpcentenario,0.0
675,cpchamberlain,0.0
676,cpresbsp,0.0
677,cpv,0.0
678,cpvc,0.0
679,crb,0.41694915254237286
680,crecei,0.0
681,crescercampinas,0.5714285714285714
682,criancaesperanca,0.0
683,cristadecuritiba,0.0
684,cristaoantenorthomazi,0.0
685,cristaodapenha,0.0
686,cristaonovavida,0.0
687,cristoreimarau,0.0
688,crlicaoevida,0.0
689,cruzeiro,0.0
690,cruzesousa,0.0
691,cs,0.0
692,csa,0.0
693,csaci,0.0
694,csasp,0.0
695,cscatarina,0.0
696,cscgo,0.0
697,csjcanguaretamarn,0.0
698,csmabh,0.0
699,cssg,0.0
700,csvp,0.0
701,ctbmsa,0.0
702,ctem,0.0
703,culturainglesa,0.0
704,cursinhoeach,1.0
705,cursinhoines,0.0
706,cursoacre,0.0
707,cursobase,0.4
708,cursoclaudiomuniz,0.0
709,cursocn,0.0
710,cursoenfase,0.23809523809523808
711,cursoequacao,0.0
712,cursofap,0.0
713,cursoisfera,0.5
714,cursoleopoldo,0.6666666666666666
715,cursologhus,0.0
716,cursoprogressao,0.03508771929824561
717,cursosazambuja,0.3076923076923077
718,dante,0.0
719,dantealighieri,0.0
720,darwin,0.0
721,darwinvilavelha,0.0
722,dbosco,0.0
723,dcc,0.0
724,delta,0.0
725,deltaeducacional,0.4
726,descomplica,0.0
727,devry,0.0
728,dialeticacursos,0.0
729,dimensao,0.0
730,dimensaopa,0.0
731,dionysia,0.0
732,discere,0.0
733,djangogirls,0.0
734,djanirapereira,0.0
735,dlp,0.0
736,dokimos,0.0
737,dom,0.0
738,dombosco,0.0
739,domboscogru,0.0
740,domboscoos,0.0
741,domhelder,0.0
742,dominius,0.0
743,dominiusprincipius,0.0
744,dominusprincipius,0.0
745,dommga,1.0
746,domus,0.1875
747,dorothea,0.0
748,dpaschoal,0.0
749,dsjujy,0.0
750,duque,0.0
751,duquecastilho,0.0
752,e24h,0.0
753,eabsf,0.0
754,eacorcovado,0.5
755,eacs,0.0
756,eadcmm,0.0
757,eag,0.0
758,eajam,0.0
759,earcadenoe,0.0
760,ebatistadeipiau,0.0
761,ebcd,0.0
762,ebei,0.0
763,eblighthouse,0.0
764,ecaminhodosanjos,0.0
765,ecatuparticipacoes,0.0
766,eccos,0.5454545454545454
767,ecml,0.0
768,ecompo,0.0
769,edhumbertodecampos,0.0
770,edificandogeracoes,0.0
771,editoracristaevangelica,0.0
772,edivancalixto,0.0
773,edlauravicuna,0.0
774,educacaoinfantilsemear,0.0
775,educacional,0.0
776,educacionalsemear,0.0
777,educallesser,0.0
778,educamais,0.015873015873015872
779,educamob,0.0
780,educandario,0.0
781,educandariodosaber,0.0
782,educandariogoncalvesdearaujo,0.0
783,educandarionospassosdejesus,0.0
784,educandarioterciocorreia,0.3333333333333333
785,educandusilha,0.0
786,educaprime,0.0
787,educardpaschoal,0.0
788,educarse,0.5
789,educativasaocarlos,0.0
790,educglauberrocha,0.0
791,eduqo,0.0
792,eduqualis,0.0
793,eeacg,0.0
794,eeagm,0.0
795,eeejds,0.0
796,eeemba,0.0
797,eeheitor,0.0
798,eemanaus,0.0
799,eemariahelenadasilva,0.0
800,eepensareagir,0.0
801,efaculdades,0.0
802,egocg,0.0
803,eicoracaodemaria,0.0
804,einsteinassis,0.3125
805,ejjg,0.0
806,eldapereira,0.0
807,eletron,0.0
808,elev,0.0
809,elitecuritiba,0.13636363636363635
810,elitecuritibaemilianoperneta,0.2727272727272727
811,eliteemilianoperneta,0.0
812,eliza,0.0
813,eloeducacional,0.0
814,eluneonline,0.5
815,elvirabrandao,0.0
816,embaixadores,0.0
817,emece,0.0
818,emefmaria,0.0
819,emgovernadorleonelbrizola,0.0
820,emiliaferreiro,0.0
821,emsaopedro,0.0
822,enec,0.0
823,energiaativa,0.0
824,engenhomoscou,0.0
825,englishclass,0.0
826,englishclub,0.0
827,enovoalvo,0.0
828,ensinamais,0.0
829,ensinando,0.0
830,ensinarbrasil,0.0
831,ensinoteclondrina,0.0
832,entendabncc,0.0
833,eokiko,0.0
834,equalizar,0.0
835,equipe,0.5
836,equipea,0.0
837,equipepontenova,0.0
838,equiperecife,0.0
839,erasmobraga,0.0
840,eremamaurydemedeiros,0.0
841,escola,0.0
842,escolaagnusdei,0.0
843,escolaalecrim,0.0
844,escolaalencar,0.0
845,escolaalpha,0.0
846,escolaarcasp,0.0
847,escolabatistacriativa,0.0
848,escolabedelandia,0.0
849,escolabemmequer,0.0
850,escolabetuel,0.0
851,escolabezerrademenezes,0.0
852,escolacastanheiras,0.0
853,escolacastelokids,0.0
854,escolacastroalves,0.0
855,escolaceciliameireles,0.8
856,escolacemepe,0.0
857,escolacenesitaml,0.0
858,escolaceuazul,0.0
859,escolacrescimento,0.0
860,escolacristaba,0.0
861,escolacristaboaviagem,0.0
862,escolacristacandeias,0.0
863,escolacristaemaldeia,0.0
864,escolacristaempiedade,0.0
865,escolacristal,0.0
866,escolacristanavarzea,0.0
867,escolacristasumare,0.0
868,escolacristorei,0.0
869,escoladauri,0.0
870,escoladeimpacto,0.0
871,escoladinamicaiturama,0.0
872,escoladofuturo,0.0
873,escoladomingossavio,0.0
874,escolaeboasnovas,0.0
875,escolaeducativa,0.0
876,escolaesfera,0.0
877,escolaespacoeducacao,0.0
878,escolafamiliaagricula,0.0
879,escolaformacao,0.0
880,escolagappe,0.0
881,escolagenesis,0.0
882,escolagenesisbrejo,0.0
883,escolagovernadorluiz,0.0
884,escolagpc,0.0
885,escolagregorio,0.0
886,escolahwallon,0.0
887,escolaidaam,0.0
888,escolaimpacto,0.0
889,escolainewton,0.0
890,escolainovacao,0.0
891,escolainternacional,0.0
892,escolainternacionalgoiania,0.0
893,escolajardimdasnacoes,0.0
894,escolajoaocalvino,0.0
895,escolajoseamerico,0.0
896,escolajoseflorencio,0.0
897,escolakadima,0.0
898,escolakodomo,0.0
899,escolaleticiateixeira,0.0
900,escolamariabernarda,0.0
901,escolamaritel,0.0
902,escolamaster,0.25
903,escolamobile,0.0
904,escolamodelada,0.0
905,escolamonteirolobato,0.0
906,escolamonza,0.0
907,escolanie,0.0
908,escolanormal,0.0
909,escolaolavonunes,0.0
910,escolaparticularmaxime,0.0
911,escolapaulofreire,0.0
912,escolapmundo,0.0
913,escolaporprincipios,0.0
914,escolapppp,0.0
915,escolapresb,0.0
916,escolapresbiterianadecanal,0.0
917,escolapresblp,0.0
918,escolaprofessorxavier,0.0
919,escolaraiodeluz,0.0
920,escolaraulpilla,0.0
921,escolarealeza,0.0
922,escolargf,0.0
923,escolasantacatarina,0.0
924,escolasantaclara,0.0
925,escolasantamaria,0.0
926,escolasantamariagoretti,0.0
927,escolasantamarta,0.0
928,escolasanti,0.0
929,escolasapiencia,0.0
930,escolasementesdoamanha,0.0
931,escolasoito,0.0
932,escolatecnicadoimperador,0.0
933,escolavida,0.0
934,escolavitoriaregia,0.0
935,escolazeferino,0.0
936,escolinhacaca,0.0
937,escreva,0.0
938,esmg,0.0
939,espacoamais,0.0
940,espacoeducar,0.0
941,espacolivre,0.0
942,especificocn,0.0
943,esperanza,0.0
944,esperoqueestesejaok,0.0
945,esramada,0.0
946,estantefix,0.0
947,estantemagica,0.02564102564102564
948,esteioeducacaoadventista,0.0
949,estreladedavi,0.0
950,estudar,0.0
951,etaf,0.0
952,etepsjc,0.0
953,etsaomatheus,0.0
954,eucorrijo,0.0
955,eurekacolegio,0.0
956,evangcriancafeliz,0.0
957,evangelicagoianesia,0.0
958,evangelicobebedouro,0.0
959,evangelicobetel,0.0
960,evangelicoce,0.0
961,evolucao,0.0
962,exato,0.0
963,exitoinstituto,0.0
964,experimentacao,0.0
965,experimentacaogratuita,0.0
966,facens,0.0
967,facesp,0.0
968,faculdadeamadeus,0.0
969,faculdadeflamingo,0.4117647058823529
970,faculdadeguarai,0.0
971,faculdadejaguariuna,0.0
972,faculdadeterranordeste,0.0
973,fariasbrito,0.0
974,fatene,0.0
975,fazeducacao,0.0
976,febave,0.0
977,felipemanoelcampos,0.0
978,fepcrato,0.0
979,fernaogaivota,0.0
980,fide,0.0
981,fiep,0.0
982,finalizandabagaca,0.0
983,fip,0.0
984,fisicadf,0.0
985,fisicainloco,0.0
986,fisicamarginal,0.0
987,fito,0.0
988,fleming,1.0
989,flordenicedacosta,0.0
990,florestasenadorcanedo,0.0
991,fmit,0.0
992,fmu,0.0
993,fontenova,0.0
994,formacao,0.0
995,forumcultural,0.0
996,franciscanopioxii,0.0
997,franciscoperes,0.0
998,franciscopinto,0.0
999,francobrasileiro,0.25
1000,fsjb,0.0
1001,ftd,0.0
1002,ftec,0.0
1003,fundacaobradesco,1.0
1004,fundacaoeducar,0.0
1005,futuroeducacional,0.0
1006,gabrielrtaliuli,0.0
1007,gacc,0.0
1008,gaga,0.0
1009,galileugalilei,0.0
1010,galois,0.0
1011,gamt,0.0
1012,garra,1.0
1013,gaylussac,0.0
1014,gdv,0.0
1015,gef,0.0
1016,genesiscolegioecurso,0.0
1017,genesislife,0.0
1018,genesisstellamaris,0.0
1019,genius,0.0
1020,gerabixo,0.0
1021,geracaocolegioecurso,0.0
1022,geraeduca,0.0
1023,gestaodenegocios,0.0
1024,ginasioanchieta,0.0
1025,ginasiodeeducacaodavinci,0.0
1026,giramundo,0.0
1027,girassolcrecheescola,0.0
1028,gislainerosati,0.0
1029,goncalomartins,0.0
1030,gracinha,0.0
1031,granbery,0.0
1032,grandepasso,0.0
1033,grupoiep,0.0
1034,grupopreve,0.0
1035,gualberto,0.0
1036,guidotti,0.0
1037,guilhermefilho,0.0
1038,guroo,0.0
1039,habilis,0.0
1040,habilisescolaecurso,0.0
1041,habillis,0.0
1042,hackiandoaeduc,0.0
1043,hamiltondarocha,0.0
1044,harmoniabilingue,0.0
1045,herciliovilanova,0.0
1046,highline,0.0
1047,hogwarts,0.0
1048,https://colegiomastersp,0.0
1049,hubeducacional,0.0
1050,humbertocampos,0.0
1051,iabcd,0.0
1052,iacs,0.0
1053,ias,0.0
1054,iceducacao,0.0
1055,idaam,0.3023255813953488
1056,idb,0.0
1057,idealbsb,0.0
1058,idealsagradocoracaodejesus,0.0
1059,ienec,0.0
1060,ienh,0.0
1061,iepam,0.0
1062,iescamp,0.0
1063,iesg,0.0
1064,ifaba,0.0
1065,iftmparacatu,0.0
1066,igmk,0.0
1067,imaculada,0.0
1068,imep,0.0
1069,imhpicos,0.0
1070,imjedu,0.0
1071,impactofloriano,0.0
1072,implantacao,0.0
1073,imundoideal,0.0
1074,informacao,0.6666666666666666
1075,ingenious,0.0
1076,inovar,0.0
1077,insa,0.2
1078,insef,0.0
1079,insgmacae,0.0
1080,inspira,0.0
1081,inspire,0.0
1082,inspiresjc,0.0
1083,institutoadventus,0.0
1084,institutoauxiliadoradf,1.0
1085,institutocaminhar,0.0
1086,institutocolorir,0.0
1087,institutocristao,1.0
1088,institutocristaoeducacao,0.0
1089,institutocristaoma,0.0
1090,institutoeducacaosp,0.0
1091,institutoeducacionalanaoliveira,0.0
1092,institutoeducacionaldeamericana,0.0
1093,institutoeducacionalflorence,0.0
1094,institutoeducacionalsuperacao,0.0
1095,institutoeurofarma,0.8571428571428571
1096,institutoideia,0.0
1097,institutokairos,0.0
1098,institutomariaauxiliadora,0.0
1099,institutomariobragancamg,0.0
1100,institutomeninodedeus,0.0
1101,institutomontessori,0.0
1102,institutomuda,0.0
1103,institutopandavas,0.0
1104,institutosaojose,0.0
1105,integra,0.5
1106,integradaeducativa,0.2
1107,integradaruibarbosa,0.0
1108,integraformacoes,0.0
1109,intensivaocomalu,0.0
1110,invictus,0.8333333333333334
1111,ios,0.0
1112,ipae,0.0
1113,ipanemanotredame,0.0
1114,ipcabofrio,0.0
1115,ipcf,0.0
1116,ipdhsolucoes,0.0
1117,ipec,0.0
1118,ipeccotia,0.0
1119,ipeeducacao,0.0
1120,ipemg,0.0
1121,ipenilopolis,0.0
1122,ipeonline,0.0
1123,ipepirai,0.0
1124,iperesende,0.0
1125,ipesimonton,0.0
1126,ipetucurui,0.0
1127,ipi,0.0
1128,ipirangasesi,0.0
1129,ipresbiterianocf,0.0
1130,iracemarufino,0.0
1131,iracilvianunes,0.0
1132,iraciveiga,0.0
1133,isaacnewtonsp,0.0
1134,isec,0.0
1135,isem,0.5
1136,isemear,0.0
1137,ismart,0.0
1138,ispindorama,0.0
1139,italo,0.0
1140,itamarati,0.13636363636363635
1141,iter,0.0
1142,ivantotola,0.0
1143,ivv,0.0
1144,jaimekratz,0.0
1145,jam,0.0
1146,jardimsaopaulo,0.6666666666666666
1147,jazzvestibular,0.5
1148,jeanjacquesrousseau,0.0
1149,jeanpiaget,0.0
1150,jesusmariajose,0.0
1151,jhg,0.0
1152,joaobelem,0.0
1153,joaoferreira,0.0
1154,joaohmendonca,0.0
1155,joaolyrafilho,0.0
1156,joaopedrodealmeida,0.0
1157,joaorosa,0.0
1158,joaosampaio,0.0
1159,joaoxxiii,0.0
1160,joracycruz,0.0
1161,josecabral,0.0
1162,josecesario,0.0
1163,joseflorencio,0.0
1164,josehumbertoborges,0.0
1165,josemariano,0.0
1166,josemelo,0.0
1167,josepinheiro,0.0
1168,josesoares,0.0
1169,jpathias,0.0
1170,juarezwanderley,0.0
1171,juntos,0.0
1172,kepler,0.0
1173,kerygma,0.0
1174,khanacademy,0.0
1175,kidsbaby,0.0
1176,kijuj,0.0
1177,kiujo,0.0
1178,kl3,0.0
1179,kuadro,0.0
1180,kzdireitodigital,0.0
1181,labatualidades,0.0
1182,laboratoriosromildo,0.5
1183,lagracia,0.0
1184,lamark,0.0
1185,lapiseartes,0.0
1186,lapisnamao,0.0
1187,lasalleaguasclaras,1.0
1188,lasalledores,0.0
1189,lasallesp,0.0
1190,lavraguedes,0.0
1191,lealecarvalho,0.0
1192,leme,0.0
1193,leonor,0.0
1194,lepetitsp,0.0
1195,lerote,0.0
1196,libanobrasileiro,0.0
1197,liceufranco,0.0
1198,liceujardim,0.0
1199,liceusalesiano,0.0
1200,lidera,0.0
1201,liderasas,0.0
1202,liessin,0.0
1203,liessinbarra,0.0
1204,lighthouse,0.0
1205,linkandlearn,0.0
1206,litteratus,0.2
1207,liviacarneiro,0.0
1208,liviasoares,0.0
1209,livreaprender,0.0
1210,llesser,0.0
1211,logicareforcoescolar,0.0
1212,losango,0.0
1213,lourdinascg,0.0
1214,lourencofilho,0.0
1215,lucasmadsen,0.0
1216,luizgonzaga,0.0
1217,lumen,0.0
1218,lumiere,0.0
1219,luminaedu,0.0
1220,maanaim,0.0
1221,macbrasiliaint,0.0
1222,machadodeassispicos,0.0
1223,mackenziebrasilia,0.0
1224,mackenziesaopaulo,0.0
1225,mackenzietambore,0.0
1226,macvest,0.5
1227,madresavina,0.0
1228,madretereza,0.0
1229,magister,0.3125
1230,magma,0.0
1231,magna,0.0
1232,magno,0.0
1233,magnum,0.0
1234,magnumagostiniano,0.0
1235,manoelbatista,0.0
1236,manoelbernardino,0.0
1237,manoelfrancisco,0.0
1238,manoelmarcelino,0.0
1239,manoelpereira,0.0
1240,manoelqueiroz,0.0
1241,maper,0.0
1242,maplebearslz,0.7647058823529411
1243,marcelinasbotucatu,0.0
1244,marcelochumer,0.0
1245,marciliopires,0.0
1246,marcosfreitas,0.0
1247,mariaaugusta,0.0
1248,mariacarmo,0.0
1249,mariaeunice,0.0
1250,marialaura,0.0
1251,marialeao,0.0
1252,marialuiza,0.0
1253,mariamerces,0.0
1254,marianair,0.0
1255,mariaolinda,0.0
1256,mariliamattoso,0.25
1257,marinanascimento,0.0
1258,maristacentronorte,0.0
1259,maristacolatina,0.0
1260,maristadomsilverio,0.0
1261,maristajoaopauloii,0.0
1262,marketing,0.0
1263,marqueslima,0.0
1264,master,0.5806451612903226
1265,masterbezerra,0.0
1266,masternatal,0.0
1267,mastersolucoes,0.1
1268,mastersul,0.0
1269,materamabilis,0.0
1270,materdei,0.0
1271,mathmind,0.0
1272,matriz,0.0
1273,maxeducacional,0.0
1274,maxime,0.0
1275,mayrink,0.0
1276,medcel,0.0
1277,melquiadescamelo,0.0
1278,meninojesuspe,0.0
1279,mentoring,0.0
1280,mesalva,0.0
1281,mestre,0.0
1282,mestrezecaamancio,0.0
1283,meta,0.09090909090909091
1284,metodistadosul,0.0
1285,metodocerto,0.0
1286,mfecursos,0.0
1287,migueldecervantes,0.0
1288,milhaense,0.0
1289,minhalista,0.0
1290,miraflores,0.0
1291,mls,0.0
1292,moaciralves,0.02040816326530612
1293,mobile,0.0
1294,mocinhagomes,0.0
1295,moniquebarreto,0.0
1296,monsenhorfrancisco,0.0
1297,monsenhorgoncalo,0.0
1298,montedasoliveiras,0.0
1299,montessori,0.1875
1300,moppe,0.0
1301,moria,0.0
1302,motiva,0.0
1303,motivacao,0.0
1304,mov,0.0
1305,msetemporario,0.0
1306,msofia,0.0
1307,mundialcc,0.0
1308,mundialfranciscobeltrao,0.0
1309,mundodeplatao,0.0
1310,mundoencantado,0.0
1311,mupi,0.0
1312,murilorocha,0.02040816326530612
1313,mutiraodesaomarcos,0.0
1314,nageljewishacademy,0.0
1315,naia,0.0
1316,navegasas,0.3333333333333333
1317,necicem,0.0
1318,nep,0.0
1319,nesfa,0.0
1320,newtonpaiva,0.0
1321,nextgestor,0.0
1322,nihongogakkou,0.0
1323,nilip,0.0
1324,nossasenhoradesion,0.0
1325,notredame,0.0
1326,nova,0.0
1327,novaalianca,0.0
1328,novadimensao,0.0
1329,novaepoca,0.0
1330,novavisao,0.0
1331,novoemlasalle,0.0
1332,novooriente,0.0
1333,novotempo,0.03571428571428571
1334,nsaparecida,0.0
1335,nsconceicao,0.0
1336,nsdasgracas,0.0
1337,nsdasneves,0.0
1338,nsdosagradocoracao,0.0
1339,nsfatima,0.0
1340,nsgloria,0.0
1341,nsressureicao,0.0
1342,nucec,0.0
1343,nucleo,0.0
1344,nucleocriativo,0.75
1345,nucleopva,0.5
1346,nuvemvoadora,0.0
1347,objetivoamericana,0.0
1348,objetivocentro,0.0
1349,objetivoguaxupe,0.0
1350,objetivogurupi,0.0
1351,objetivohortolandia,0.0
1352,objetivolorena,0.5789473684210527
1353,objetivoportal,0.0
1354,objetivosjc,0.0
1355,objetivosorocaba,0.0
1356,objetivoteresina,0.5
1357,objetivozonanorte,0.0
1358,obrasilparacristo,0.0
1359,oficinadoestudante,0.2727272727272727
1360,oiapoque,0.0
1361,olavonunes,0.0
1362,oliveiranetto,0.0
1363,ongcidadededeus,0.0
1364,opet,0.0
1365,osequim,0.5
1366,oswald,0.0
1367,oswalddeandrade,0.0
1368,ouse,0.0
1369,over,0.0
1370,overabelcabral,0.23333333333333334
1371,overcolegioecurso,0.0
1372,overjoaopessoa,0.21739130434782608
1373,overlimaesilva,0.05
1374,overmarciliofurtado,0.2
1375,overmossoro,0.16
1376,overnascimentodecastro,0.07692307692307693
1377,overpontanegra,0.16
1378,overzonanorte,0.2608695652173913
1379,ovquim,0.0
1380,padreeustaquio,0.0
1381,palasatena,0.0
1382,palmares,0.0
1383,paraisodosaber,0.0
1384,parceiros,0.0
1385,patriciafigueiredo,0.0
1386,patriciafreitas,0.0
1387,patronatosaojose,0.0
1388,paulofreire,0.0
1389,paulovi,0.0
1390,pauloviana,0.0
1391,pcf,0.0
1392,pearson,1.0
1393,pedrocamelo,0.0
1394,pedromurilo,0.0
1395,pencantado,0.0
1396,pensecursos,0.0
1397,pensemac,0.0
1398,pentagono,0.0
1399,pequenosamuel,0.0
1400,pequenospassos,0.0
1401,peresguimaraes,0.0
1402,personalvestibulares,0.0
1403,pertinhodanatureza,0.0
1404,pesenglish,0.0
1405,phoenixeducacional,0.0
1406,physics,0.0
1407,physicsalcindocacela,0.23076923076923078
1408,physicsalmirantebarroso,0.17777777777777778
1409,physicsaugustomontenegro,0.38095238095238093
1410,physicsbatistacampos,0.2
1411,physicscidadenova,0.3125
1412,physicsconselheirofurtado,0.34615384615384615
1413,physicsmacapa,0.21739130434782608
1414,physicstrescoracoes,0.0
1415,physicsumarizal,0.37037037037037035
1416,piemonte,0.0
1417,pinheirosonline,0.0
1418,pioxi,0.3333333333333333
1419,pioxii,0.0
1420,pioxiicolegio,0.75
1421,piracicabaeducacaoadventista,0.0
1422,pitagorascidadejardim,0.0
1423,pitagorasjc,0.0
1424,pitagorasjuruti,0.0
1425,planetaencantado,0.0
1426,planneta,0.0
1427,plannetaosasco,0.0
1428,plannetataboao,1.0
1429,playpen,0.0
1430,pleno,0.0
1431,plural,0.0
1432,plurecrecheescola,0.0
1433,pluricrecheescola,0.0
1434,podion,0.0
1435,pointedu,0.0
1436,poiujkl,0.0
1437,poliedro,0.1
1438,poliedropv,0.3333333333333333
1439,poliedrotreinamento,0.4
1440,polisguimarania,0.0
1441,portalceuaguiar,0.0
1442,portalsas,0.0
1443,portinari,0.4722222222222222
1444,porto,0.75
1445,portoseguro,0.75
1446,positivo,0.0
1447,positivoaguaverde,0.0
1448,positivoboavista,0.0
1449,positivojardimambiental,0.0
1450,positivojoinville,0.0
1451,positivojunior,0.0
1452,positivomaster,0.0
1453,positivoon,0.0
1454,positivopassocerto,0.0
1455,positivosantamaria,0.0
1456,positivosemeador,0.0
1457,potenciacao,0.0
1458,preparacursos,0.0
1459,preparatec,0.0
1460,preparavest,0.0
1461,presbericocardoso,0.0
1462,presbfmc,0.0
1463,presbiterianacastanheira,0.0
1464,presbiterianadogama,0.0
1465,presbiterianajdsaovicente,0.0
1466,presbiterianoaraguaia,0.0
1467,presbiterianodepiumhi,0.0
1468,presbiterianomacae,0.0
1469,presbiterianopresidenteprudente,0.0
1470,presbiterianotatui,0.0
1471,presbjuina,0.0
1472,presbpatominas,0.0
1473,prevest,0.75
1474,primeirachance,0.0
1475,primeirodemaio,0.4
1476,primeiromundo,0.0
1477,principedapaz,0.0
1478,principius,0.0
1479,prisma,0.0
1480,prismapatrocinio,0.8333333333333334
1481,proa,0.0
1482,prodteste,0.0
1483,proens,0.0
1484,profcelso,0.0
1485,profcrisfranco,0.0
1486,profdiego,0.0
1487,profdouglas,0.0
1488,profederal,0.46153846153846156
1489,profeduardo,0.0
1490,professor,0.0
1491,professoradechines,0.0
1492,professoragleise,0.0
1493,professorale,0.0
1494,professoraleila,0.0
1495,professorgilberto,0.0
1496,professormarciodarlen,0.0
1497,profilton,0.0
1498,profluizbilac,0.0
1499,profroberta,0.0
1500,progressaodc,0.3
1501,progressaoeducacao,0.0
1502,progressaoig,0.6
1503,projetodeventoempopa,0.0
1504,projetogauss,0.0
1505,projetomoa,0.0
1506,projetoventoepopa,0.0
1507,projetovida,0.0
1508,projetovinteeum,0.0
1509,propostaatual,0.0
1510,prosperi,0.0
1511,provaspoliedro,0.7209302325581395
1512,providencia,0.0
1513,prudentedemorais,0.0
1514,psantagema,0.16666666666666666
1515,puccampinas,0.0
1516,pucsp,0.0
1517,pulamuralha,0.0
1518,purissimo,0.0
1519,qeducadores,0.0
1520,qescola,0.03
1521,qi,0.0
1522,qmdoismildez,0.0
1523,queroaprender,0.0
1524,questoesvitae,0.0
1525,quimicanadosecerta,0.0
1526,radial,0.0
1527,raimundoalves,0.0
1528,raiodesol,0.0
1529,raizeducacao,0.0
1530,raphaelaulasparticulares,0.0
1531,raphaeldisanto,0.0
1532,rcaidiomas,0.0
1533,recantodosaber,0.0
1534,recantointerativo,0.0
1535,recreiochristianschool,0.0
1536,recriar,0.0
1537,redacaointerativa,0.0
1538,rede,0.0
1539,redeapogeu,0.0
1540,redeclarissas,0.0
1541,redefilhasdejesus,0.0
1542,redeinspira,0.0
1543,redeisaacnewton,0.0
1544,redemarista,0.0
1545,redeprojecao,0.0
1546,redhouse,0.0
1547,reforcoescolarla,0.0
1548,reforcotiacoruja,0.0
1549,reges,0.0
1550,reisalomao,0.0
1551,relacionamento,0.0
1552,renascenca,0.0
1553,renascer,0.0
1554,ricardowobeto,0.0
1555,riobrancocampinas,0.0
1556,riscorabisco,0.0
1557,robertomarcal,0.0
1558,rodrigogabrielcursosonline,0.0
1559,rogeriolourenco,0.0
1560,rosadesaron,0.0
1561,ruibarbosa,0.0
1562,ruilima,0.0
1563,ruthgomesfigueira,0.0
1564,saberviver,0.3333333333333333
1565,sabixao,0.0
1566,saea,0.0
1567,saedigital,0.0
1568,sagradafamilia,0.3333333333333333
1569,sagradocoracaodejesus,0.0
1570,saintgobain,0.3333333333333333
1571,saintmartin,0.0
1572,saladacristiane,0.0
1573,saladeexatas,0.0
1574,salesianoaracaju,0.0
1575,salesianocampos,0.0
1576,salesianodosalvador,0.0
1577,salinhadogui,0.0
1578,sanar,0.0
1579,sandraoliveira,0.0
1580,santaamalia,0.0
1581,santacatarinaes,0.0
1582,santaclara,0.0
1583,santacruz,0.0
1584,santadoroteia,0.2
1585,santagertrudes,0.0
1586,santahelena,0.0
1587,santaizabel,0.0
1588,santamarcelina,0.0
1589,santamaria,0.0
1590,santamariacn,1.0
1591,santanavest,0.0
1592,santarita,0.0
1593,santenseadventista,0.0
1594,santissimosenhor,0.0
1595,santoagostinho,0.3333333333333333
1596,santoagostinholeblon,0.0
1597,santoagostinhomg,0.0
1598,santoamerico,0.5714285714285714
1599,santoamericoteste,0.0
1600,santoantonio,0.25
1601,santoantoniojesus,0.0
1602,saobento,0.0
1603,saojoaoilhabela,0.0
1604,saojoseal,0.0
1605,saojosecaxias,0.0
1606,saojosecaxiasdosul,0.0
1607,saoluiz,0.0
1608,saoroque,0.0
1609,saosebastiao,0.0
1610,sap,0.14285714285714285
1611,sas,0.19444444444444445
1612,sasadapt,0.1
1613,sasadaptem,0.5
1614,sasadaptfund,0.25
1615,sasadaptrelatorios,0.0
1616,saseducacao,0.03333333333333333
1617,saturninopereira,0.0
1618,scoredu,0.0
1619,secretariadealagoas,0.0
1620,seculo,0.0
1621,segurancadigital,0.0
1622,seletivoeducallis,0.42857142857142855
1623,semearjacarei,0.0
1624,sementes,0.0
1625,senacsc,0.0
1626,senaiourobranco,0.0
1627,senaiserra,0.0
1628,senaismo,0.0
1629,senhorbonfim,0.0
1630,senninha,0.0
1631,seomega,0.0
1632,serios,0.0
1633,sersorocaba,0.0
1634,sesi376,0.0
1635,sesialvaresmachado,0.0
1636,sesiamericana,0.0
1637,sesiapucarana,0.0
1638,sesibarrabonita,0.0
1639,sesicacapava,0.0
1640,sesicampinas,0.0
1641,sesicic,0.0
1642,sesicotia,0.0
1643,sesicrixas,0.0
1644,sesicruzeiro,0.0
1645,sesidescalvado,0.0
1646,sesigama,0.0
1647,sesigru,0.0
1648,sesihorto,0.0
1649,sesiigaracudotiete,0.0
1650,sesiipiranga,0.0
1651,sesiitatiba,0.0
1652,sesijacarei,0.0
1653,sesilimeira,0.0
1654,sesiparaguacupaulista,0.0
1655,sesipinda,0.0
1656,sesiportoferreira,0.0
1657,sesisaocarlos,0.0
1658,sesisaomigueldooeste,0.0
1659,sesisbc,0.0
1660,sesisjc,0.0
1661,sesisjdoriopreto,0.0
1662,sesisumare,0.0
1663,sesitatuape,0.0
1664,sesitaubate,0.0
1665,shalomblumenau,0.0
1666,shekinah,0.0
1667,sidarta,0.0
1668,sigmacursoecolegio,0.0
1669,simbios,0.1875
1670,simonealmeida,0.0
1671,simontondf,0.0
1672,simontonsapezal,0.0
1673,simplificaquepassa,0.0
1674,simuladoenem2016,0.0
1675,simuladoita,0.5
1676,simulados,0.0
1677,sincroniza,0.0
1678,singularidades,0.0
1679,siqueirafelix,0.0
1680,sistemadeensinogpi,0.0
1681,sistemaeducacionalmaster,0.0
1682,sistemafb,0.0
1683,sistemaincentivo,0.0
1684,sistemamaster,0.0
1685,sistemaprima,0.0
1686,sjoseegito,0.0
1687,smartz,0.0
1688,sme,0.0
1689,smecolegioevangelicoluz,0.0
1690,smecristaodecastro,0.0
1691,smeipebotucatu,0.0
1692,smeisaacnewton,0.0
1693,smelemeitapeva,0.0
1694,smemhorebe,0.0
1695,smepresbiterianopprudente,0.0
1696,smerousseau,0.0
1697,smetatui,0.0
1698,sobral,0.0
1699,sociedadebread,0.0
1700,solarcursinho,0.0
1701,sonhodecrianca,0.0
1702,sonhomeu,0.0
1703,sosmamaecoruja,0.0
1704,soueducativa,0.0
1705,souhabilis,0.2857142857142857
1706,spdacruz,0.3333333333333333
1707,spe,0.0
1708,stellamaris,0.0
1709,stellamarisaguaverde,0.13636363636363635
1710,stellamarisjuveve,0.21052631578947367
1711,stellamarisxaxim,0.2727272727272727
1712,stone,0.0
1713,studos,1.0
1714,suelenenglishteacher,0.0
1715,suellenenglishteacher,0.0
1716,superar,0.0
1717,supergeeks,0.0
1718,superpasso,0.0
1719,tabernaculo,0.0
1720,tableautaubate,0.0
1721,tdd,0.0
1722,teles,0.0
1723,teofilorezende,0.0
1724,teotonioneto,0.0
1725,terceiradimensao,0.0
1726,terceiromilenio,0.0
1727,terezaverzeri,0.0
1728,tesadsajda,0.0
1729,teste,0.0
1730,testeconquista,0.0
1731,testedetoken,0.0
1732,testedozeset,0.0
1733,testeguilherme,0.0
1734,testeiory,0.0
1735,testeonzesetembro,0.0
1736,testetvveconquista,0.0
1737,textecnologia,0.0
1738,tiaanamaria,0.0
1739,tialo,0.0
1740,tiathais,0.0
1741,tiquinhodegente,0.0
1742,todalicao,0.0
1743,tomasdeaquino,0.0
1744,tomazdeaquino,0.0
1745,topdelinha,0.0
1746,topguncolombo,0.0
1747,topgunverissimo,0.0
1748,trattoatelier,0.0
1749,tsukimi,0.0
1750,tutorio,0.0
1751,tuue,0.0
1752,ufrpe,0.0
1753,uirapuru,0.0
1754,ulbra,0.0
1755,ulbraconcordia,0.0
1756,ultimavezeuespero,0.0
1757,umdoisquatro,0.0
1758,umnomequalquer,0.0
1759,unbidiomasjapones,0.0
1760,unevale,0.0
1761,uniaomissnorte,0.0
1762,unicep,0.0
1763,unicursos,0.0
1764,unificado,0.0
1765,unilan,0.0
1766,uninter,0.0
1767,universidademetodistasp,0.0
1768,universitario,0.0
1769,universitariolondrina,0.3469387755102041
1770,universitas,0.0
1771,universobarcarena,0.4090909090909091
1772,universos,0.0
1773,uri,0.0
1774,ursinhofeliz,0.0
1775,usj,0.0
1776,vaivaivaivaivai,0.0
1777,valdemiracoelho,0.0
1778,valsaab,0.0
1779,vanessaramos,0.0
1780,vcmaker,0.0
1781,vencermelhor,0.0
1782,venceslauchaves,0.0
1783,veracruz,0.0
1784,veramagaldi,0.0
1785,vertice,0.0
1786,vestibularcidadao,0.0
1787,vetor,0.0
1788,vetorbrasil,0.0
1789,viadeacesso,0.0
1790,viaquatro,0.0
1791,vicentecravo,0.0
1792,vieiraeducacional,0.0
1793,vieirasantos,0.0
1794,viladainfanciaeusebio,0.0
1795,viladainfanciafortaleza,0.0
1796,viladasletras,0.0
1797,vilagelin,0.0
1798,vilaolimpia,0.0
1799,villalobos,0.631578947368421
1800,virgempoderosa,0.0
1801,visaorecife,0.0
1802,vitae,0.3333333333333333
1803,vitalbrazil,0.0
1804,vitaldidonet,0.0
1805,vivap,0.0
1806,vronlineschool,0.0
1807,walfridocampos,0.0
1808,webinars,0.0
1809,wererockingitbabe,0.0
1810,wilsondeandradebarreto,0.0
1811,wise,0.0
1812,wisecash,0.0
1813,witidiomas,0.0
1814,www,0.0
1815,xvdenovembro,0.0
1816,yduqs,0.0
1817,zacariasliberato,0.0
1818,zecarioca,0.0
1819,zoe,0.0
