,namespace,Semana,numero_ex
1140,santoamerico,27,1084.0
1156,sas,33,745.0
240,cmdpii,34,660.0
1150,sas,23,454.0
684,francobrasileiro,28,361.0
1155,sas,32,340.0
602,dommga,25,271.0
685,francobrasileiro,30,270.0
1085,provaspoliedro,27,244.66666666666666
1121,sagradafamilia,34,229.75
1174,souhabilis,26,225.0
699,institutoauxiliadoradf,34,221.0
440,colegioliceu,33,221.0
751,lasalleaguasclaras,34,221.0
1124,santadoroteia,34,220.0
197,cecbdf,34,220.0
290,colegiobianguloiv,34,220.0
673,escolamaster,33,216.3846153846154
262,colegioanchietaii,34,215.0
260,colegioanchietai,34,215.0
1153,sas,30,202.0
707,institutosaojose,33,192.42857142857142
894,overnascimentodecastro,25,186.0
132,amais,24,182.0
747,jardimsaopaulo,23,181.0
1052,profederal,31,180.0
266,colegioarena,31,168.75
533,contemporaneolagoanova,33,159.0
929,physicsalmirantebarroso,23,147.33333333333334
131,amais,23,144.5
527,contemporaneocidadeverde,33,142.0
68,acessopinhais,26,140.0
953,physicsconselheirofurtado,23,138.27272727272728
855,overjoaopessoa,25,137.6
698,insa,34,132.0
1259,vitae,28,130.0
195,ceabb,35,127.6
73,acessopinhais,33,126.0
501,colegiouniverso,25,122.66666666666667
791,master,26,122.43243243243244
964,physicsumarizal,23,122.16666666666667
644,elitecuritibaemilianoperneta,26,120.0
437,colegiojoaopaulo,33,117.82352941176471
961,physicsmacapa,25,116.71428571428571
1223,universitariolondrina,23,114.0
119,aescobjetivo,34,111.77272727272727
947,physicscidadenova,23,111.5625
14,acessoboqueirao,26,111.0
854,overjoaopessoa,24,110.66666666666667
538,crb,24,108.70491803278688
960,physicsmacapa,23,108.3
641,elitecuritibaemilianoperneta,23,107.6
937,physicsaugustomontenegro,25,107.57142857142857
949,physicscidadenova,25,106.92857142857143
860,overjoaopessoa,35,105.0
499,colegiouniverso,23,104.25
954,physicsconselheirofurtado,25,104.0
690,garra,30,104.0
1203,stellamarisjuveve,29,101.33333333333333
142,apogeustoantonio2,26,101.0
885,overmossoro,25,101.0
589,cursosazambuja,31,101.0
69,acessopinhais,27,100.5
651,elitecuritibaemilianoperneta,34,100.0
708,institutosaojose,34,100.0
1078,progressaoig,33,99.66666666666667
1053,profederal,32,98.83333333333333
1224,universitariolondrina,24,98.08823529411765
1202,stellamarisjuveve,27,98.0
81,acessosantafelicidade,30,98.0
49,acessofazendariogrande,30,98.0
94,acessosjpinhais,30,98.0
70,acessopinhais,30,98.0
351,colegioecursoprogressao,33,97.61538461538461
109,aescobjetivo,23,97.08333333333333
67,acessopinhais,25,97.0
1226,universitariolondrina,26,96.56
1066,progressaodc,33,96.33333333333333
943,physicsbatistacampos,25,96.25
534,contemporaneolagoanova,34,96.22222222222223
935,physicsaugustomontenegro,23,96.11111111111111
807,montessori,33,96.0
650,elitecuritibaemilianoperneta,33,96.0
815,novotempo,33,96.0
958,physicsconselheirofurtado,33,96.0
896,overnascimentodecastro,33,96.0
695,idaam,33,96.0
442,colegiomagnum,33,96.0
180,cats,29,96.0
1167,simbios,33,96.0
632,educarse,32,96.0
604,domus,33,96.0
480,colegiosete,24,95.54838709677419
427,colegiojoaopaulo,23,94.94117647058823
181,cats,30,94.0
927,physicsalcindocacela,33,93.42857142857143
105,adrianochan,32,93.02985074626865
107,adrianochan,34,92.83823529411765
139,apogeustoantonio2,23,92.55555555555556
74,acessopinhais,34,92.5
675,estantemagica,27,91.0
928,physicsalcindocacela,34,90.73684210526316
273,colegiobatistaindependente,25,90.63636363636364
858,overjoaopessoa,33,90.25
161,brasilcursinhos,35,90.0
156,brasilcursinhos,27,90.0
897,overnascimentodecastro,34,90.0
952,physicscidadenova,34,90.0
1154,sas,31,90.0
150,beityaacov,23,90.0
1158,sasadaptem,23,90.0
441,colegiomagnum,23,90.0
1166,simbios,23,90.0
959,physicsconselheirofurtado,34,90.0
523,contemporaneocidadeverde,23,90.0
963,physicsmacapa,34,90.0
748,jardimsaopaulo,24,90.0
65,acessopinhais,23,90.0
443,colegiomagnum,34,90.0
756,macvest,27,90.0
758,macvest,33,90.0
969,physicsumarizal,34,90.0
1213,stellamarisxaxim,27,90.0
529,contemporaneolagoanova,23,90.0
528,contemporaneocidadeverde,34,90.0
806,montessori,23,90.0
823,nucleopva,28,90.0
808,montessori,34,90.0
813,novotempo,23,90.0
816,novotempo,34,90.0
1168,simbios,34,90.0
155,brasilcursinhos,25,90.0
691,garra,31,90.0
633,educarse,33,90.0
940,physicsaugustomontenegro,34,90.0
603,domus,23,90.0
561,cursoenfase,23,90.0
893,overnascimentodecastro,23,90.0
605,domus,34,90.0
694,idaam,23,90.0
696,idaam,34,90.0
934,physicsalmirantebarroso,34,90.0
646,elitecuritibaemilianoperneta,29,90.0
565,cursoenfase,34,90.0
640,elitecuritiba,23,90.0
27,acessocampolargo,26,88.66666666666667
1225,universitariolondrina,25,88.63333333333334
144,apogeustoantonio2,29,88.6
692,gerabixo,24,88.0
911,overzonanorte,25,86.54545454545455
407,colegioiguatemy,26,86.0
1214,stellamarisxaxim,29,86.0
859,overjoaopessoa,34,85.71428571428571
32,acessocampolargo,33,85.25
242,cnslpb,24,85.125
134,amais,34,85.0
923,physicsalcindocacela,23,84.47058823529412
600,deltaeducacional,34,84.0
882,overmarciliofurtado,35,83.375
761,magister,29,82.0
184,cbpdigital,24,82.0
853,overjoaopessoa,23,81.42857142857143
569,cursoisfera,26,80.5
146,apogeustoantonio2,32,80.15384615384616
454,colegionovopatio,25,80.0
966,physicsumarizal,25,79.46153846153847
951,physicscidadenova,33,79.38461538461539
15,acessoboqueirao,27,78.61538461538461
892,overmossoro,35,78.33333333333333
21,acessoboqueirao,33,78.23529411764706
448,colegiomundial,28,78.0
334,colegiodompedrosegundo,28,78.0
47,acessofazendariogrande,26,76.6
101,adrianochan,24,76.59558823529412
776,mariliamattoso,24,76.41666666666667
219,ceprimeiromundo,26,76.4
701,institutocristao,24,76.4
886,overmossoro,26,76.0
66,acessopinhais,24,76.0
1065,progressaodc,32,76.0
118,aescobjetivo,33,75.9090909090909
564,cursoenfase,33,75.6
75,acessopinhais,35,75.5
126,amadeus,31,75.46666666666667
597,deltaeducacional,26,75.4
160,brasilcursinhos,34,75.0
1180,souhabilis,34,75.0
775,mariliamattoso,23,74.75
1238,universobarcarena,25,74.72727272727273
220,ceprimeiromundo,27,74.57894736842105
962,physicsmacapa,33,74.125
939,physicsaugustomontenegro,33,74.125
933,physicsalmirantebarroso,33,74.125
110,aescobjetivo,24,73.875
1230,universitariolondrina,30,73.82758620689656
1237,universobarcarena,24,73.75
471,colegiopremium,33,73.61538461538461
1233,universitariolondrina,33,72.94444444444444
883,overmossoro,23,72.72727272727273
111,aescobjetivo,25,72.6
852,overabelcabral,35,72.53333333333333
917,overzonanorte,33,72.33333333333333
1236,universobarcarena,23,72.27272727272727
872,overmarciliofurtado,25,71.75
1227,universitariolondrina,27,71.57142857142857
339,colegioecursodesafio,23,71.47368421052632
968,physicsumarizal,33,71.0
554,crescercampinas,33,70.88461538461539
946,physicsbatistacampos,33,70.875
500,colegiouniverso,24,70.77777777777777
926,physicsalcindocacela,27,70.0
502,colegiouniverso,26,70.0
503,colegiouniverso,32,70.0
1234,universitariolondrina,34,69.69767441860465
13,acessoboqueirao,25,68.93333333333334
438,colegiojoaopaulo,34,68.88888888888889
819,nucleocriativo,25,68.625
28,acessocampolargo,27,68.25
543,crb,32,68.07462686567165
1129,santamariacn,29,67.5
507,colegioup,25,66.66666666666667
1178,souhabilis,32,66.66666666666667
732,invictus,33,66.14285714285714
909,overzonanorte,23,66.0
1231,universitariolondrina,31,65.87096774193549
931,physicsalmirantebarroso,25,65.28571428571429
1244,universobarcarena,31,65.22727272727273
645,elitecuritibaemilianoperneta,27,65.0
163,casdinhosjc,23,64.83333333333333
340,colegioecursodesafio,24,64.6
890,overmossoro,33,64.53333333333333
52,acessofazendariogrande,33,63.72727272727273
79,acessosantafelicidade,26,63.333333333333336
191,cbpdigital,35,63.0
792,master,27,62.75352112676056
117,aescobjetivo,32,62.64
157,brasilcursinhos,28,62.5
436,colegiojoaopaulo,32,62.45
46,acessofazendariogrande,25,61.55555555555556
350,colegioecursoprogressao,32,61.53846153846154
842,overabelcabral,25,61.5
1084,provaspoliedro,26,61.35
103,adrianochan,26,61.0
513,colegioup,35,61.0
996,poliedropv,28,60.75
1000,poliedropv,32,60.75
205,ceespacolivre,33,60.666666666666664
993,poliedropv,24,60.6
509,colegioup,27,60.55555555555556
919,overzonanorte,35,60.5
900,overpontanegra,25,60.46153846153846
1027,portoseguro,35,60.23809523809524
840,overabelcabral,23,60.06666666666667
950,physicscidadenova,26,60.0
1176,souhabilis,30,60.0
1177,souhabilis,31,60.0
167,casdinhosjc,31,60.0
997,poliedropv,29,60.0
1031,primeirodemaio,31,60.0
1032,primeirodemaio,32,60.0
1001,poliedropv,34,60.0
999,poliedropv,31,60.0
749,jazzvestibular,35,60.0
998,poliedropv,30,60.0
995,poliedropv,26,60.0
754,macvest,23,60.0
44,acessofazendariogrande,23,59.666666666666664
2,acessoalmirantetamandare,25,59.125
871,overmarciliofurtado,24,59.07692307692308
891,overmossoro,34,58.4375
158,brasilcursinhos,29,58.333333333333336
1077,progressaoig,32,58.333333333333336
1232,universitariolondrina,32,57.89655172413793
24,acessocampolargo,23,57.875
279,colegiobatistaindependente,34,57.69230769230769
25,acessocampolargo,24,57.666666666666664
510,colegioup,28,57.54545454545455
918,overzonanorte,34,57.11764705882353
689,garra,24,57.0
785,mariliamattoso,33,56.916666666666664
778,mariliamattoso,26,56.5
3,acessoalmirantetamandare,26,56.142857142857146
22,acessoboqueirao,34,56.0
908,overpontanegra,35,55.75
789,master,24,55.67080745341615
930,physicsalmirantebarroso,24,55.333333333333336
133,amais,33,55.0
642,elitecuritibaemilianoperneta,24,55.0
78,acessosantafelicidade,25,54.81818181818182
1239,universobarcarena,26,54.76923076923077
12,acessoboqueirao,24,54.666666666666664
48,acessofazendariogrande,27,54.36363636363637
1096,psantagema,26,54.357142857142854
587,cursosazambuja,29,54.283018867924525
53,acessofazendariogrande,34,54.27272727272727
1035,prismapatrocinio,25,54.19047619047619
172,casdvest,27,54.0
257,colegioalphaunis,33,54.0
516,conexaosaber,25,54.0
965,physicsumarizal,24,53.84615384615385
786,mariliamattoso,34,53.75
31,acessocampolargo,32,53.5
881,overmarciliofurtado,34,53.5
72,acessopinhais,32,53.0
419,colegiointegral,28,53.0
1043,prismapatrocinio,34,52.80952380952381
910,overzonanorte,24,52.8
0,acessoalmirantetamandare,23,52.75
124,amadeus,29,52.666666666666664
140,apogeustoantonio2,24,52.6
33,acessocampolargo,34,52.5
23,acessoboqueirao,35,51.666666666666664
590,cursosazambuja,33,51.44444444444444
373,colegioflamingo,23,51.4
479,colegiosete,23,51.25
148,aprovest,27,51.0
168,casdinhosjc,33,51.0
874,overmarciliofurtado,27,51.0
141,apogeustoantonio2,25,51.0
1059,progressaodc,25,51.0
166,casdinhosjc,27,51.0
89,acessosjpinhais,25,50.833333333333336
1060,progressaodc,26,50.666666666666664
428,colegiojoaopaulo,24,50.6
1169,simuladoita,26,50.5
1212,stellamarisxaxim,26,50.5
856,overjoaopessoa,26,50.333333333333336
374,colegioflamingo,24,50.333333333333336
659,escolaceciliameireles,27,50.25
216,ceprimeiromundo,23,50.2
588,cursosazambuja,30,50.142857142857146
818,nucleocriativo,24,50.1
429,colegiojoaopaulo,25,50.083333333333336
683,fleming,33,50.0
682,fleming,31,50.0
757,macvest,32,50.0
558,cursobase,24,50.0
557,cursinhoeach,25,50.0
944,physicsbatistacampos,26,50.0
559,cursobase,25,50.0
76,acessosantafelicidade,23,49.90909090909091
11,acessoboqueirao,23,49.8
1023,porto,33,49.73913043478261
45,acessofazendariogrande,24,49.42857142857143
449,colegiomundial,29,49.333333333333336
574,cursoisfera,31,49.333333333333336
80,acessosantafelicidade,27,49.285714285714285
470,colegiopremium,31,49.0
648,elitecuritibaemilianoperneta,31,49.0
817,nucleocriativo,23,48.9
870,overmarciliofurtado,23,48.75
585,cursosazambuja,27,48.666666666666664
506,colegioup,24,48.53333333333333
912,overzonanorte,26,48.23076923076923
624,educandarioterciocorreia,24,48.142857142857146
1097,psantagema,30,48.0
1210,stellamarisxaxim,24,47.8235294117647
1201,stellamarisjuveve,26,47.04347826086956
328,colegiodasamericas,27,47.0
1064,progressaodc,31,47.0
379,colegioflamingo,34,46.5
26,acessocampolargo,25,46.375
568,cursoisfera,25,46.25
291,colegiobilac,23,46.0
592,cursosazambuja,35,45.916666666666664
798,master,34,45.865671641791046
994,poliedropv,25,45.75
992,poliedropv,23,45.75
542,crb,31,45.627450980392155
77,acessosantafelicidade,24,45.55555555555556
123,amadeus,24,45.54838709677419
254,colegioalphaunis,25,45.45454545454545
1,acessoalmirantetamandare,24,45.42857142857143
825,objetivolorena,24,45.42857142857143
116,aescobjetivo,31,45.34782608695652
1042,prismapatrocinio,33,45.31578947368421
391,colegioglobal,24,45.25
430,colegiojoaopaulo,26,45.1578947368421
84,acessosantafelicidade,33,45.142857142857146
563,cursoenfase,25,45.0
1171,souhabilis,23,45.0
1172,souhabilis,24,45.0
1173,souhabilis,25,45.0
1179,souhabilis,33,45.0
578,cursoleopoldo,32,45.0
1181,souhabilis,35,45.0
579,cursoleopoldo,34,45.0
851,overabelcabral,34,45.0
714,integradaeducativa,24,45.0
1175,souhabilis,29,45.0
294,colegiobilac,30,44.8
1187,spdacruz,32,44.78378378378378
469,colegiopremium,26,44.57142857142857
1076,progressaoig,31,44.5
8,acessoalmirantetamandare,33,44.25
245,cnslpb,28,44.0
206,ceespacolivre,34,44.0
654,equipe,34,44.0
1211,stellamarisxaxim,25,43.75
635,einsteinassis,23,43.714285714285715
4,acessoalmirantetamandare,27,43.666666666666664
907,overpontanegra,34,43.4375
545,crb,34,43.42857142857143
1034,prismapatrocinio,24,43.09090909090909
989,poliedro,32,43.0
1022,porto,32,42.904761904761905
104,adrianochan,31,42.8955223880597
308,colegiobrasilia,33,42.82608695652174
100,adrianochan,23,42.75735294117647
416,colegiointegral,24,42.71875
1229,universitariolondrina,29,42.6
392,colegioglobal,25,42.5
1130,santamariacn,30,42.5
423,colegiointegral,32,42.388888888888886
1033,prismapatrocinio,23,42.35
420,colegiointegral,29,42.282051282051285
344,colegioecursoprogressao,25,42.15384615384615
967,physicsumarizal,26,42.0
29,acessocampolargo,30,42.0
841,overabelcabral,24,42.0
1200,stellamarisjuveve,25,41.9
1012,portinari,33,41.78378378378378
465,colegioplanck,35,41.333333333333336
87,acessosjpinhais,23,41.23529411764706
873,overmarciliofurtado,26,41.142857142857146
537,crb,23,41.1
88,acessosjpinhais,24,41.06666666666667
925,physicsalcindocacela,25,41.0
796,master,32,40.92307692307692
594,deltaeducacional,23,40.75
478,colegioser,34,40.666666666666664
899,overpontanegra,24,40.666666666666664
596,deltaeducacional,25,40.5
404,colegioiguatemy,23,40.416666666666664
301,colegiobrasilia,24,40.27450980392157
199,ceespacolivre,24,40.266666666666666
300,colegiobrasilia,23,40.25
106,adrianochan,33,40.19211822660098
86,acessosantafelicidade,35,40.0
991,poliedro,35,40.0
643,elitecuritibaemilianoperneta,25,40.0
985,poliedro,24,40.0
145,apogeustoantonio2,31,40.0
18,acessoboqueirao,30,40.0
755,macvest,26,40.0
988,poliedro,29,40.0
173,casdvest,28,40.0
1050,profederal,29,40.0
898,overpontanegra,23,39.6875
375,colegioflamingo,25,39.5
788,master,23,39.41984732824427
795,master,31,39.39153439153439
312,colegiocb,24,39.333333333333336
1183,spdacruz,24,39.15151515151515
255,colegioalphaunis,26,39.125
525,contemporaneocidadeverde,31,38.857142857142854
831,objetivolorena,34,38.77272727272727
85,acessosantafelicidade,34,38.53846153846154
226,ceprimeiromundo,33,38.515151515151516
1209,stellamarisxaxim,23,38.5
567,cursoisfera,24,38.4
1061,progressaodc,27,38.333333333333336
1013,portinari,34,37.926829268292686
508,colegioup,26,37.851851851851855
740,isem,27,37.833333333333336
1246,universobarcarena,35,37.75
309,colegiobrasilia,34,37.46153846153846
20,acessoboqueirao,32,37.357142857142854
938,physicsaugustomontenegro,26,37.142857142857146
884,overmossoro,24,37.142857142857146
702,institutocristao,25,37.0
9,acessoalmirantetamandare,34,36.9
1041,prismapatrocinio,32,36.8421052631579
539,crb,25,36.666666666666664
777,mariliamattoso,25,36.666666666666664
91,acessosjpinhais,27,36.42424242424242
311,colegiocb,23,36.38461538461539
5,acessoalmirantetamandare,30,36.333333333333336
54,acessofazendariogrande,35,36.285714285714285
822,nucleocriativo,35,36.2
1018,porto,26,36.18181818181818
829,objetivolorena,32,36.1764705882353
406,colegioiguatemy,25,36.0
303,colegiobrasilia,26,36.0
577,cursoisfera,34,36.0
225,ceprimeiromundo,32,35.714285714285715
10,acessoalmirantetamandare,35,35.5
532,contemporaneolagoanova,32,35.46666666666667
843,overabelcabral,26,35.45
292,colegiobilac,24,35.4
422,colegiointegral,31,35.351351351351354
571,cursoisfera,28,35.333333333333336
505,colegioup,23,35.333333333333336
767,maplebearslz,25,35.2
1054,profederal,33,35.142857142857146
1198,stellamarisjuveve,23,35.074074074074076
850,overabelcabral,33,35.041666666666664
234,ciadosaber,30,35.0
663,escolaceciliameireles,32,35.0
1132,santamariacn,32,35.0
531,contemporaneolagoanova,31,35.0
957,physicsconselheirofurtado,32,35.0
629,educandarioterciocorreia,33,34.857142857142854
378,colegioflamingo,33,34.833333333333336
34,acessocampolargo,35,34.75
595,deltaeducacional,24,34.666666666666664
980,pioxiicolegio,33,34.6
1205,stellamarisjuveve,32,34.6
56,acessohauer,24,34.5
790,master,25,34.37864077669903
924,physicsalcindocacela,24,34.333333333333336
979,pioxiicolegio,32,34.3
1109,qescola,30,34.22222222222222
231,ciadosaber,23,34.13333333333333
504,colegiouniverso,33,34.125
601,deltaeducacional,35,34.0
803,minhalista,32,34.0
453,colegionovopatio,23,34.0
425,colegiointegral,34,33.6
129,amadeus,34,33.37931034482759
838,oficinadoestudante,26,33.333333333333336
268,colegioarena,33,33.333333333333336
357,colegioeducallis,31,33.0
697,implantacao,26,33.0
213,cem,33,32.81818181818182
1089,provaspoliedro,32,32.71739130434783
227,ceprimeiromundo,34,32.541666666666664
703,institutocristao,26,32.5
575,cursoisfera,32,32.42857142857143
412,colegioiguatemy,33,32.30769230769231
1250,villalobos,26,32.27272727272727
1194,stellamarisaguaverde,26,32.111111111111114
1235,universitariolondrina,35,32.02777777777778
98,acessosjpinhais,34,32.0
1082,provaspoliedro,24,31.88372093023256
1024,porto,34,31.84
90,acessosjpinhais,26,31.7
742,isem,30,31.666666666666668
306,colegiobrasilia,31,31.612903225806452
274,colegiobatistaindependente,26,31.55
880,overmarciliofurtado,33,31.545454545454547
125,amadeus,30,31.5
385,colegiofuturageracao,31,31.333333333333332
360,colegioeducallis,34,31.173076923076923
582,cursosazambuja,24,31.0
706,institutoeurofarma,32,31.0
1003,portinari,23,30.974358974358974
970,pioxi,23,30.88235294117647
1188,spdacruz,33,30.795454545454547
553,crescercampinas,32,30.74074074074074
164,casdinhosjc,24,30.6
204,ceespacolivre,32,30.5
1092,provaspoliedro,35,30.41509433962264
1015,porto,23,30.307692307692307
630,educandarioterciocorreia,34,30.285714285714285
784,mariliamattoso,32,30.25
1017,porto,25,30.137931034482758
526,contemporaneocidadeverde,32,30.076923076923077
971,pioxi,24,30.06
270,colegioarena,35,30.0
1127,santamariacn,27,30.0
1221,testevictorhugo,32,30.0
709,integra,23,30.0
608,eacorcovado,25,30.0
522,contemporaneo,33,30.0
956,physicsconselheirofurtado,31,30.0
410,colegioiguatemy,31,30.0
835,oficinadoestudante,23,30.0
307,colegiobrasilia,32,29.976190476190474
99,acessosjpinhais,35,29.88235294117647
1055,profederal,34,29.875
583,cursosazambuja,25,29.844444444444445
112,aescobjetivo,26,29.5
759,magister,24,29.5
649,elitecuritibaemilianoperneta,32,29.5
310,colegiobrasilia,35,29.46153846153846
636,einsteinassis,24,29.428571428571427
55,acessohauer,23,29.25
421,colegiointegral,30,29.214285714285715
942,physicsbatistacampos,24,29.166666666666668
457,colegioplanck,25,29.166666666666668
393,colegioglobal,26,29.0
647,elitecuritibaemilianoperneta,30,29.0
515,conexaosaber,24,29.0
862,overlimaesilva,24,28.88888888888889
666,escoladeimpacto,28,28.666666666666668
349,colegioecursoprogressao,31,28.615384615384617
901,overpontanegra,26,28.58823529411765
426,colegiointegral,35,28.586206896551722
771,maplebearslz,32,28.416666666666668
713,integradaeducativa,23,28.4
346,colegioecursoprogressao,27,28.384615384615383
228,ceprimeiromundo,35,28.384615384615383
263,colegioarena,23,28.333333333333332
658,escolaceciliameireles,26,28.333333333333332
415,colegiointegral,23,28.314285714285713
584,cursosazambuja,26,28.272727272727273
787,mariliamattoso,35,28.25
396,colegioglobal,33,28.25
576,cursoisfera,33,28.142857142857142
253,colegioalphaunis,24,28.142857142857142
467,colegiopremium,24,28.083333333333332
824,objetivolorena,23,28.027027027027028
233,ciadosaber,25,27.833333333333332
122,amadeus,23,27.61111111111111
591,cursosazambuja,34,27.41025641025641
1206,stellamarisjuveve,33,27.25
1036,prismapatrocinio,26,27.2
772,maplebearslz,33,27.176470588235293
1091,provaspoliedro,34,27.07608695652174
431,colegiojoaopaulo,27,27.0
779,mariliamattoso,27,27.0
1088,provaspoliedro,31,26.970149253731343
797,master,33,26.92488262910798
97,acessosjpinhais,33,26.838709677419356
1217,stellamarisxaxim,33,26.833333333333332
395,colegioglobal,32,26.666666666666668
269,colegioarena,34,26.666666666666668
868,overlimaesilva,34,26.666666666666668
712,integra,34,26.555555555555557
439,colegiojoaopaulo,35,26.5
1045,profederal,23,26.25
267,colegioarena,32,26.25
1072,progressaoig,26,26.2
390,colegioglobal,23,26.071428571428573
711,integra,25,26.0
983,plannetaosasco,27,26.0
984,plannetataboao,28,26.0
1056,profederal,35,26.0
361,colegioeducallis,35,25.970588235294116
51,acessofazendariogrande,32,25.75
1094,psantagema,24,25.666666666666668
906,overpontanegra,33,25.65
730,invictus,28,25.6
382,colegiofuturageracao,24,25.5
366,colegioensitec,29,25.416666666666668
208,cem,23,25.4
1216,stellamarisxaxim,32,25.333333333333332
780,mariliamattoso,28,25.333333333333332
1207,stellamarisjuveve,34,25.321428571428573
728,invictus,26,25.285714285714285
837,oficinadoestudante,25,25.0
383,colegiofuturageracao,25,25.0
839,osequim,34,25.0
625,educandarioterciocorreia,25,25.0
1252,villalobos,30,25.0
147,apogeustoantonio2,34,25.0
487,colegiosete,34,25.0
143,apogeustoantonio2,28,25.0
560,cursobase,34,25.0
586,cursosazambuja,28,25.0
320,colegiocb,34,24.933333333333334
626,educandarioterciocorreia,26,24.857142857142858
830,objetivolorena,33,24.68
1218,stellamarisxaxim,34,24.666666666666668
801,minhalista,24,24.5
566,cursoisfera,23,24.4
355,colegioeducallis,24,24.389830508474578
424,colegiointegral,33,24.242857142857144
302,colegiobrasilia,25,24.11904761904762
356,colegioeducallis,25,24.044444444444444
138,anchietaba,30,24.0
581,cursosazambuja,23,24.0
609,eacorcovado,31,24.0
458,colegioplanck,28,24.0
369,colegioensitec,32,24.0
83,acessosantafelicidade,32,23.928571428571427
799,master,35,23.88888888888889
782,mariliamattoso,30,23.818181818181817
540,crb,26,23.724137931034484
275,colegiobatistaindependente,27,23.583333333333332
464,colegioplanck,34,23.5
768,maplebearslz,26,23.333333333333332
298,colegiobilac,34,23.285714285714285
389,colegiofuturageracao,35,23.25
466,colegiopremium,23,23.22222222222222
1243,universobarcarena,30,23.157894736842106
844,overabelcabral,27,23.0
432,colegiojoaopaulo,28,23.0
455,colegioplanck,23,22.821428571428573
411,colegioiguatemy,32,22.75
256,colegioalphaunis,27,22.7
435,colegiojoaopaulo,31,22.583333333333332
1016,porto,24,22.52
381,colegiofuturageracao,23,22.5
295,colegiobilac,31,22.444444444444443
341,colegioecursodesafio,25,22.307692307692307
1090,provaspoliedro,33,22.305263157894736
1184,spdacruz,25,22.236842105263158
246,cnslpb,30,22.227272727272727
904,overpontanegra,31,22.166666666666668
386,colegiofuturageracao,32,22.0
203,ceespacolivre,28,22.0
599,deltaeducacional,33,22.0
462,colegioplanck,32,21.964285714285715
200,ceespacolivre,25,21.944444444444443
715,integradaeducativa,25,21.933333333333334
1249,villalobos,25,21.857142857142858
1073,progressaoig,27,21.833333333333332
826,objetivolorena,25,21.733333333333334
185,cbpdigital,25,21.666666666666668
766,maplebearslz,24,21.555555555555557
165,casdinhosjc,25,21.5
1125,santamariacn,25,21.5
376,colegioflamingo,26,21.4
1006,portinari,27,21.357142857142858
1139,santoamerico,26,21.266666666666666
1193,stellamarisaguaverde,25,21.25
1081,provaspoliedro,23,21.22972972972973
461,colegioplanck,31,21.166666666666668
895,overnascimentodecastro,27,21.0
656,escolaceciliameireles,23,21.0
321,colegiocb,35,21.0
358,colegioeducallis,32,20.95
1143,santoamerico,31,20.8
700,institutocristao,23,20.75
127,amadeus,32,20.61111111111111
128,amadeus,33,20.466666666666665
212,cem,32,20.363636363636363
1044,prismapatrocinio,35,20.238095238095237
1192,stellamarisaguaverde,24,20.166666666666668
221,ceprimeiromundo,28,20.125
1137,santoamerico,24,20.09090909090909
1014,portinari,35,20.083333333333332
1164,seletivoeducallis,32,20.0
304,colegiobrasilia,27,20.0
1163,seletivoeducallis,28,20.0
1162,seletivoeducallis,26,20.0
1030,prevest,34,20.0
765,maplebearslz,23,20.0
1161,seletivoeducallis,23,20.0
60,acessohauer,29,20.0
186,cbpdigital,26,20.0
820,nucleocriativo,32,20.0
377,colegioflamingo,32,20.0
399,colegioguilhermedealmeida,31,20.0
941,physicsbatistacampos,23,20.0
1117,saberviver,32,20.0
1048,profederal,26,20.0
414,colegioiguatemy,35,19.833333333333332
976,pioxiicolegio,23,19.6
387,colegiofuturageracao,33,19.6
359,colegioeducallis,33,19.55263157894737
1011,portinari,32,19.451612903225808
258,colegioalphaunis,34,19.428571428571427
1105,qescola,26,19.25
763,magister,32,19.25
1113,qescola,34,19.2
1222,testevictorhugo,35,19.2
237,ciadosaber,33,19.2
486,colegiosete,33,19.142857142857142
120,aescobjetivo,35,19.11111111111111
760,magister,25,19.0
734,invictus,35,19.0
524,contemporaneocidadeverde,28,19.0
397,colegioglobal,34,18.90909090909091
365,colegioensitec,28,18.88888888888889
236,ciadosaber,32,18.88888888888889
936,physicsaugustomontenegro,24,18.88888888888889
948,physicscidadenova,24,18.88888888888889
637,einsteinassis,25,18.857142857142858
489,colegiouirapuru,23,18.675675675675677
490,colegiouirapuru,24,18.636363636363637
188,cbpdigital,32,18.620689655172413
916,overzonanorte,32,18.571428571428573
869,overlimaesilva,35,18.571428571428573
1008,portinari,29,18.458333333333332
1087,provaspoliedro,30,18.350877192982455
238,ciadosaber,34,18.333333333333332
347,colegioecursoprogressao,28,18.181818181818183
1099,psantagema,33,18.041666666666668
879,overmarciliofurtado,32,18.0
176,casdvest,31,18.0
278,colegiobatistaindependente,33,17.833333333333332
187,cbpdigital,31,17.77777777777778
1098,psantagema,32,17.61904761904762
1199,stellamarisjuveve,24,17.533333333333335
93,acessosjpinhais,29,17.5
137,amaisteste,35,17.5
452,colegionovageracao,35,17.5
773,maplebearslz,34,17.40909090909091
549,crescercampinas,25,17.4
345,colegioecursoprogressao,26,17.36842105263158
325,colegiodasamericas,24,17.357142857142858
512,colegioup,33,17.333333333333332
193,ceabb,27,17.285714285714285
264,colegioarena,24,17.272727272727273
1010,portinari,31,17.193548387096776
7,acessoalmirantetamandare,32,17.166666666666668
130,amadeus,35,17.11111111111111
484,colegiosete,31,17.09090909090909
354,colegioeducallis,23,17.044776119402986
388,colegiofuturageracao,34,17.0
913,overzonanorte,27,17.0
738,isem,25,17.0
223,ceprimeiromundo,30,17.0
327,colegiodasamericas,26,16.916666666666668
848,overabelcabral,31,16.8125
1083,provaspoliedro,25,16.721311475409838
889,overmossoro,32,16.666666666666668
638,einsteinassis,32,16.666666666666668
664,escolaceciliameireles,33,16.666666666666668
250,cnslpb,34,16.666666666666668
1057,progressaodc,23,16.636363636363637
710,integra,24,16.6
793,master,28,16.584269662921347
832,objetivolorena,35,16.583333333333332
617,eccos,32,16.444444444444443
1005,portinari,26,16.363636363636363
367,colegioensitec,30,16.363636363636363
1093,psantagema,23,16.333333333333332
299,colegiobilac,35,16.333333333333332
485,colegiosete,32,16.181818181818183
496,colegiouirapuru,33,16.125
676,faculdadeflamingo,30,16.0
477,colegioser,26,16.0
1141,santoamerico,28,16.0
174,casdvest,29,16.0
1026,portoseguro,34,16.0
521,contemporaneo,31,16.0
1258,vitae,23,16.0
418,colegiointegral,27,15.909090909090908
198,ceespacolivre,23,15.75
915,overzonanorte,31,15.666666666666666
1208,stellamarisjuveve,35,15.607142857142858
190,cbpdigital,34,15.5
878,overmarciliofurtado,31,15.454545454545455
668,escolamaster,23,15.454545454545455
483,colegiosete,30,15.428571428571429
1079,progressaoig,34,15.411764705882353
1007,portinari,28,15.205882352941176
555,crescercampinas,34,15.083333333333334
232,ciadosaber,24,15.066666666666666
285,colegiobetelbrasileirosp,32,15.0
192,ceabb,26,15.0
794,master,29,15.0
704,institutocristao,32,15.0
821,nucleocriativo,34,15.0
628,educandarioterciocorreia,32,15.0
408,colegioiguatemy,27,15.0
652,eluneonline,26,15.0
338,colegioeag,34,15.0
661,escolaceciliameireles,30,15.0
662,escolaceciliameireles,31,15.0
573,cursoisfera,30,15.0
1071,progressaoig,25,15.0
572,cursoisfera,29,15.0
802,minhalista,25,15.0
836,oficinadoestudante,24,14.857142857142858
864,overlimaesilva,26,14.833333333333334
1058,progressaodc,24,14.714285714285714
1100,psantagema,34,14.7
1062,progressaodc,28,14.666666666666666
1070,progressaoig,24,14.6
115,aescobjetivo,30,14.466666666666667
1038,prismapatrocinio,28,14.4375
202,ceespacolivre,27,14.4
495,colegiouirapuru,32,14.375
867,overlimaesilva,33,14.285714285714286
1069,progressaoig,23,14.257142857142858
272,colegiobatistaindependente,24,14.166666666666666
770,maplebearslz,31,14.064516129032258
620,eccos,35,14.0
293,colegiobilac,29,14.0
514,conexaosaber,23,14.0
394,colegioglobal,30,14.0
598,deltaeducacional,32,14.0
1191,stellamarisaguaverde,23,14.0
413,colegioiguatemy,34,14.0
764,magister,33,13.857142857142858
352,colegioecursoprogressao,34,13.803571428571429
343,colegioecursoprogressao,24,13.790697674418604
1219,stellamarisxaxim,35,13.666666666666666
726,invictus,24,13.666666666666666
1009,portinari,30,13.647058823529411
849,overabelcabral,32,13.636363636363637
171,casdvest,26,13.6
113,aescobjetivo,28,13.5
729,invictus,27,13.4
857,overjoaopessoa,32,13.333333333333334
1142,santoamerico,30,13.307692307692308
547,crescercampinas,23,13.285714285714286
670,escolamaster,25,13.2
1102,qescola,23,13.2
211,cem,31,13.11111111111111
463,colegioplanck,33,13.024390243902438
1131,santamariacn,31,13.0
556,crescercampinas,35,13.0
1051,profederal,30,13.0
1160,saseducacao,23,13.0
1025,porto,35,13.0
318,colegiocb,32,13.0
810,murilorocha,32,13.0
362,colegioensitec,23,12.9
296,colegiobilac,32,12.8
680,faculdadeflamingo,34,12.8
57,acessohauer,25,12.75
59,acessohauer,27,12.75
1037,prismapatrocinio,27,12.75
1182,spdacruz,23,12.714285714285714
217,ceprimeiromundo,24,12.65
727,invictus,25,12.5
762,magister,30,12.4
248,cnslpb,32,12.4
1136,santoamerico,23,12.393939393939394
329,colegiodasamericas,30,12.38888888888889
1004,portinari,24,12.384615384615385
403,colegioguilhermedealmeida,35,12.0
224,ceprimeiromundo,31,12.0
1067,progressaodc,34,12.0
149,arlindocavalcanti,25,12.0
1029,prevest,32,12.0
482,colegiosete,29,12.0
297,colegiobilac,33,12.0
657,escolaceciliameireles,24,12.0
177,casdvest,32,12.0
460,colegioplanck,30,11.875
330,colegiodasamericas,31,11.85
720,integradaeducativa,31,11.833333333333334
114,aescobjetivo,29,11.666666666666666
201,ceespacolivre,26,11.6
736,isem,23,11.571428571428571
62,acessohauer,32,11.5
520,conexaosaber,35,11.363636363636363
973,pioxi,26,11.333333333333334
370,colegioensitec,33,11.333333333333334
1247,villalobos,23,11.222222222222221
247,cnslpb,31,11.166666666666666
1195,stellamarisaguaverde,33,11.153846153846153
218,ceprimeiromundo,25,11.142857142857142
342,colegioecursoprogressao,23,11.108433734939759
178,casdvest,33,11.0
405,colegioiguatemy,24,11.0
665,escolaceciliameireles,35,11.0
1122,santadoroteia,23,11.0
169,casdvest,24,11.0
58,acessohauer,26,11.0
194,ceabb,31,11.0
613,eccos,24,11.0
1144,santoamerico,32,10.96875
1255,villalobos,33,10.857142857142858
519,conexaosaber,34,10.857142857142858
96,acessosjpinhais,32,10.827586206896552
1080,progressaoig,35,10.714285714285714
371,colegioensitec,34,10.714285714285714
244,cnslpb,26,10.666666666666666
1068,progressaodc,35,10.666666666666666
743,isem,31,10.666666666666666
739,isem,26,10.666666666666666
209,cem,24,10.666666666666666
1040,prismapatrocinio,31,10.666666666666666
368,colegioensitec,31,10.625
618,eccos,33,10.625
731,invictus,32,10.571428571428571
1248,villalobos,24,10.5
456,colegioplanck,24,10.444444444444445
38,acessocampolargokids,26,10.4
319,colegiocb,33,10.333333333333334
783,mariliamattoso,31,10.285714285714286
276,colegiobatistaindependente,28,10.285714285714286
488,colegiosete,35,10.222222222222221
1095,psantagema,25,10.166666666666666
1197,stellamarisaguaverde,35,10.153846153846153
905,overpontanegra,32,10.142857142857142
1254,villalobos,32,10.117647058823529
1086,provaspoliedro,28,10.066666666666666
546,crb,35,10.066666666666666
1196,stellamarisaguaverde,34,10.0
845,overabelcabral,28,10.0
398,colegioglobal,35,10.0
305,colegiobrasilia,30,10.0
580,cursoprogressao,32,10.0
717,integradaeducativa,27,10.0
400,colegioguilhermedealmeida,32,10.0
863,overlimaesilva,25,10.0
861,overlimaesilva,23,10.0
1002,poliedrotreinamento,34,10.0
315,colegiocb,27,10.0
1149,santoantonio,27,10.0
265,colegioarena,25,10.0
517,conexaosaber,26,10.0
433,colegiojoaopaulo,29,10.0
1204,stellamarisjuveve,31,10.0
932,physicsalmirantebarroso,26,10.0
828,objetivolorena,31,10.0
207,ceespacolivre,35,10.0
752,liessinbarra,25,10.0
750,joaobelem,25,10.0
417,colegiointegral,26,10.0
607,eacorcovado,24,10.0
945,physicsbatistacampos,32,10.0
669,escolamaster,24,10.0
887,overmossoro,30,10.0
434,colegiojoaopaulo,30,10.0
551,crescercampinas,30,10.0
16,acessoboqueirao,28,10.0
955,physicsconselheirofurtado,26,10.0
1242,universobarcarena,29,10.0
1075,progressaoig,30,10.0
1241,universobarcarena,28,10.0
1074,progressaoig,28,10.0
1240,universobarcarena,27,10.0
974,pioxi,34,10.0
975,pioxi,35,10.0
693,gerabixo,33,10.0
1120,sagradafamilia,33,10.0
530,contemporaneolagoanova,30,10.0
888,overmossoro,31,10.0
672,escolamaster,31,10.0
277,colegiobatistaindependente,32,10.0
866,overlimaesilva,32,10.0
865,overlimaesilva,31,10.0
384,colegiofuturageracao,26,10.0
162,camerinocursos,29,10.0
337,colegioeag,33,10.0
42,acessocampolargokids,33,10.0
476,colegiosantamaria,34,10.0
481,colegiosete,25,10.0
491,colegiouirapuru,25,10.0
619,eccos,34,9.933333333333334
1185,spdacruz,26,9.909090909090908
719,integradaeducativa,30,9.875
769,maplebearslz,30,9.818181818181818
1108,qescola,29,9.8
875,overmarciliofurtado,28,9.75
39,acessocampolargokids,27,9.714285714285714
40,acessocampolargokids,31,9.714285714285714
902,overpontanegra,28,9.666666666666666
677,faculdadeflamingo,31,9.666666666666666
733,invictus,34,9.625
606,eacorcovado,23,9.615384615384615
95,acessosjpinhais,31,9.6
353,colegioecursoprogressao,35,9.55
1256,villalobos,34,9.5
317,colegiocb,31,9.45
41,acessocampolargokids,32,9.428571428571429
214,cem,34,9.4
544,crb,33,9.375
614,eccos,25,9.363636363636363
781,mariliamattoso,29,9.333333333333334
548,crescercampinas,24,9.058823529411764
468,colegiopremium,25,9.0
409,colegioiguatemy,30,9.0
1114,qescola,35,9.0
249,cnslpb,33,9.0
335,colegioeag,27,9.0
804,moaciralves,33,9.0
541,crb,29,9.0
744,isem,32,9.0
497,colegiouirapuru,34,9.0
63,acessohauer,33,8.833333333333334
61,acessohauer,31,8.75
401,colegioguilhermedealmeida,33,8.714285714285714
43,acessocampolargokids,34,8.666666666666666
284,colegiobetelbrasileirosp,31,8.666666666666666
627,educandarioterciocorreia,31,8.666666666666666
716,integradaeducativa,26,8.5
348,colegioecursoprogressao,30,8.5
746,itamarati,34,8.5
314,colegiocb,26,8.5
1186,spdacruz,31,8.470588235294118
725,invictus,23,8.444444444444445
552,crescercampinas,31,8.409090909090908
316,colegiocb,30,8.333333333333334
215,cem,35,8.333333333333334
380,colegioflamingo,35,8.333333333333334
222,ceprimeiromundo,29,8.333333333333334
1189,spdacruz,34,8.25
616,eccos,31,8.2
518,conexaosaber,33,8.181818181818182
6,acessoalmirantetamandare,31,8.181818181818182
972,pioxi,25,8.166666666666666
50,acessofazendariogrande,31,8.1
82,acessosantafelicidade,31,8.083333333333334
64,acessohauer,34,8.0
35,acessocampolargokids,23,8.0
593,dante,33,8.0
37,acessocampolargokids,25,8.0
170,casdvest,25,8.0
153,bertelsmann,28,8.0
1133,santamariacn,33,8.0
1157,sasadapt,25,8.0
1152,sas,29,8.0
920,pauloviana,31,8.0
1260,wilsondeandradebarreto,35,8.0
705,institutocristao,34,8.0
363,colegioensitec,24,8.0
847,overabelcabral,30,8.0
189,cbpdigital,33,8.0
210,cem,25,8.0
326,colegiodasamericas,25,8.0
741,isem,28,8.0
745,itamarati,25,8.0
1110,qescola,31,7.875
615,eccos,26,7.8
243,cnslpb,25,7.714285714285714
903,overpontanegra,29,7.666666666666667
681,faculdadeflamingo,35,7.666666666666667
846,overabelcabral,29,7.666666666666667
286,colegiobetelbrasileirosp,33,7.647058823529412
570,cursoisfera,27,7.6
241,cnslpb,23,7.555555555555555
1138,santoamerico,25,7.555555555555555
774,maplebearslz,35,7.5
19,acessoboqueirao,31,7.416666666666667
977,pioxiicolegio,30,7.25
876,overmarciliofurtado,29,7.25
271,colegiobatistaindependente,23,7.2
1103,qescola,24,7.142857142857143
1170,sobral,29,7.0
623,educandarioterciocorreia,23,7.0
562,cursoenfase,24,7.0
175,casdvest,30,7.0
251,cnslpb,35,7.0
610,eacorcovado,32,7.0
30,acessocampolargo,31,7.0
36,acessocampolargokids,24,7.0
283,colegiobetelbrasileirosp,25,6.869565217391305
280,colegiobatistaindependente,35,6.8
877,overmarciliofurtado,30,6.666666666666667
235,ciadosaber,31,6.666666666666667
679,faculdadeflamingo,33,6.666666666666667
287,colegiobetelbrasileirosp,34,6.642857142857143
183,cbpdigital,23,6.6
333,colegiodasamericas,35,6.5
313,colegiocb,25,6.5
331,colegiodasamericas,33,6.428571428571429
1251,villalobos,27,6.4
1063,progressaodc,30,6.333333333333333
737,isem,24,6.333333333333333
1111,qescola,32,6.333333333333333
678,faculdadeflamingo,32,6.25
336,colegioeag,30,6.25
332,colegiodasamericas,34,6.0
1148,santoantonio,23,6.0
921,pearson,31,6.0
492,colegiouirapuru,26,6.0
493,colegiouirapuru,29,6.0
1101,psantagema,35,6.0
1019,porto,27,6.0
653,eluneonline,27,6.0
721,integradaeducativa,32,6.0
288,colegiobetelbrasileirosp,35,6.0
324,colegiodasamericas,23,6.0
402,colegioguilhermedealmeida,34,6.0
718,integradaeducativa,29,6.0
1228,universitariolondrina,28,6.0
71,acessopinhais,31,6.0
282,colegiobetelbrasileirosp,24,5.962962962962963
494,colegiouirapuru,31,5.833333333333333
1257,villalobos,35,5.75
722,integradaeducativa,33,5.72093023255814
281,colegiobetelbrasileirosp,23,5.642857142857143
723,integradaeducativa,34,5.535714285714286
671,escolamaster,26,5.5
364,colegioensitec,25,5.142857142857143
1253,villalobos,31,5.076923076923077
724,integradaeducativa,35,5.0
1020,porto,28,5.0
914,overzonanorte,30,5.0
182,cats,34,5.0
1145,santoamerico,33,5.0
372,colegioensitec,35,5.0
674,esperanza,34,5.0
1134,santamariacn,34,5.0
687,galois,28,5.0
1146,santoamerico,34,5.0
753,litteratus,33,5.0
550,crescercampinas,26,5.0
135,amaisteste,28,5.0
136,amaisteste,33,5.0
498,colegiouirapuru,35,5.0
152,beityaacov,33,5.0
667,escolajardimdasnacoes,24,5.0
1116,rede,35,5.0
622,educamais,33,5.0
151,beityaacov,32,5.0
1046,profederal,24,5.0
1047,profederal,25,5.0
660,escolaceciliameireles,28,5.0
1049,profederal,27,5.0
827,objetivolorena,26,4.803921568627451
1107,qescola,28,4.526315789473684
1039,prismapatrocinio,30,4.4
978,pioxiicolegio,31,4.285714285714286
535,cparaiso,32,4.0
1151,sas,25,4.0
634,eduqo,32,4.0
1215,stellamarisxaxim,31,4.0
154,bertelsmann,31,4.0
982,pioxiicolegio,35,4.0
450,colegionobre,30,4.0
1028,positivoon,28,4.0
447,colegiomodelo,35,4.0
612,eacorcovado,35,4.0
159,brasilcursinhos,30,4.0
1147,santoamerico,35,4.0
1126,santamariacn,26,3.2
473,colegioradar,33,3.0
445,colegiomodelo,29,3.0
834,objetivoteresina,28,3.0
108,adrianochan,35,3.0
536,cparaiso,34,3.0
811,murilorocha,35,3.0
1118,saea,33,3.0
239,cmdpii,33,3.0
1119,saea,35,3.0
990,poliedro,33,3.0
981,pioxiicolegio,34,3.0
987,poliedro,27,3.0
230,charlesdarwin,27,3.0
252,cognitivo,32,3.0
17,acessoboqueirao,29,3.0
444,colegiomartinus,23,3.0
686,fundacaobradesco,29,3.0
121,alfacembilingue,25,3.0
812,navegasas,27,3.0
1165,serios,24,3.0
621,educamais,24,3.0
1159,sasadaptem,25,3.0
92,acessosjpinhais,28,3.0
655,escola,34,3.0
1135,santoagostinho,24,3.0
986,poliedro,25,3.0
1106,qescola,27,2.6
1112,qescola,33,2.6
1104,qescola,25,2.2
833,objetivoteresina,24,2.0
814,novotempo,24,2.0
688,garra,23,2.0
323,colegiocognos,33,2.0
472,colegioprogresso,28,2.0
475,colegiosantamaria,33,2.0
1220,studos,30,2.0
474,colegioriobranco,27,2.0
229,charlesdarwin,24,2.0
800,meta,30,2.0
611,eacorcovado,33,2.0
322,colegiocognos,23,2.0
1190,spdacruz,35,1.6666666666666667
179,castelobruxo,30,1.0
261,colegioanchietaii,33,1.0
511,colegioup,31,1.0
259,colegioanchietai,33,1.0
735,iracemarufino,31,1.0
459,colegioplanck,29,1.0
289,colegiobianguloiv,33,1.0
1021,porto,31,1.0
631,educandarioterciocorreia,35,1.0
805,moaciralves,34,1.0
196,cecbdf,33,1.0
639,einsteinassis,35,1.0
446,colegiomodelo,30,1.0
1245,universobarcarena,34,1.0
451,colegionobre,34,1.0
1128,santamariacn,28,1.0
1115,qescola.qmagico.com.br,25,1.0
809,murilorocha,31,1.0
102,adrianochan,25,1.0
1123,santadoroteia,33,1.0
922,pesenglish,34,1.0
